Kitid,Order,Locus,RefSeq,Repeat_Size,Motif_Spacer,HG38_Allele,chr,FRStart,FRStop,RRStart_1,RRStop_1,RRStart_2,RRStop_2,Repeat_Region_Start,Repeat_Region_Stop,HBT,RDT,SBT,RAPT,AutoRAPT,MV_AlignAdjust,InternalMotif1,InternalMotif2,InternalMotif3,Marker_Type,Ploidy_exp,STRidER_Up,Application
PowerSeq,0,Amelogenin,,6,,,,,,,,,,,,0.4,2,0,0.001,0.944,,TCAAGT,-,-,INDEL,2,1,Identity
PowerSeq,8,D1S1656,GAAATAGAATCACTAGGGAACCAAATATATATACATACAATTAAACACACACACACCTATCTATCTATCTATCTATCTATCTATCTATCTATCTATCTATCTATCTATCTATCTATCTATCTACATCACACAGTTGACCCTTGA,4,TCTACATC,17,chr1,230769561,230769704,230769616,230769683,,,230769616,230769683,0.4,2,0.01,0.001,0.618,TCA:TC A;,TCTATCTATCTA,-,-,STR,2,1,Identity
PowerSeq,11,D2S1338,CTAGCATGGTACCTGCAGGTGGCCCATAATCATGAGTTATTCAGTAAGTTAAAGGATTGCAGGAGGGAAGGAAGGACGGAAGGAAGGAAGGAAGGAAGGAAGGAAGGAAGGAAGGAAGGAAGGAAGGAAGGCAGGCAGGCAGGCAGGCAGGCAGGCAAGGCCAAGCCATTTCTGTTTCCAAATCCACTGGCTCCCTCCCACAGCT,4,GGCAAGGC,23,chr2,218014794,218014998,218014859,218014950,,,218014859,218014950,0.4,2,0,0.001,0.637,TGAT:T GAT;,GGAAGGAAGGAA,-,-,STR,2,1,Identity
PowerSeq,12,D2S441,TGCACCCAACATTCTAACAAAAGGCTGTAACAAGGGCTACAGGAATCATGAGCCAGGAACTGTGGCTCATCTATGAAAACTTCTATCTATCTATCTATCTATCTATCTATCTATCTATCTATCTATCTATATCA,4,TCTATATC,12,chr2,68011866,68011999,68011947,68011994,,,68011947,68011994,0.4,2,0.01,0.001,0.742,TCA:TC A;,TCTATCTATCTA,-,-,STR,2,1,Identity
PowerSeq,21,TPOX,CACTGGCCTGTGGGTCCCCCCATAGATCGTAAGCCCAGGAGGAAGGGCTGTGTTTCAGGGCTGTGATCACTAGCACCCAGAACCGTCGACTGGCACAGAACAGGCACTTAGGGAACCCTCACTGAATGAATGAATGAATGAATGAATGAATGAATGTTTGGGCAAATAAA,4,AATGTTTG,8,chr2,1489529,1489698,1489653,1489684,,,1489653,1489684,0.4,2,0.01,0.001,0.667,,AATGAATG,-,-,STR,2,1,Identity
PowerSeq,13,D3S1358,TGCCCACTTCTGCCCAGGGATCTATTTTTCTGTGGTGTGTATTCCCTGTGCCTTTGGGGGCATCTCTTATACTCATGAAATCAACAGAGGCTTGCATGTATCTATCTGTCTATCTATCTATCTATCTATCTATCTATCTATCTATCTATCTATCTATCTATCTATGAGACAGGGTCTTGCTCTGTC,4,TCTATGAG,16,chr3,45540639,45540824,45540739,45540802,,,45540739,45540802,0.4,2,0.01,0.001,0.597,,ATCTATCTATCT,-,-,STR,2,1,Identity
PowerSeq,17,FGA,GTCTGAAATCGAAAATATGGTTATTGAAGTAGCTGCTGAGTGATTTGTCTGTAATTGCCAGCAAAAAAGAAAGGAAGAAAGGAAGGAAGGAGAAAGAAAGAAAGAAAGAAAGAAAGAAAGAAAGAAAGAAAGAAAGAAAGAAAGAAAGAGAAAAAAGAAAGAAAGAAA,4,XXXXXXXX,22,chr4,154587656,154587823,154587736,154587823,,,154587736,154587823,0.4,2,0,0.001,0.584,AAAGAAAAAAGAAA:AAAG  AAAAAAGAAA;,AAAGAAAG,-,-,STR,2,1,Identity
PowerSeq,1,CSF1PO,CTAAGTACTTCCTATCTATCTATCTATCTATCTATCTATCTATCTATCTATCTATCTATCTATCTAATCTATCTATCTTCTATCTATGAAGGCAGTTACTGTTAATATCTTCATTTTACAGGTAGGAAAACTGAGACACAGGGTGGTTAGCAACCTGCTAGTCCTTGGCAGACTCAG,4,ATCTAATC,13,chr5,150076311,150076487,150076324,150076375,,,150076324,150076375,0.4,2,0.01,0.001,0.704,,ATCTATCTATCT,-,-,STR,2,1,Identity
PowerSeq,14,D5S818,AACATTTGTATCTTTATCTGTATCCTTATTTATACCTCTATCTATCTATCTATCTATCTATCTATCTATCTATCTATCTATCTTCAAAATATTACATAAGGATACCAAAGAGGAAAATCACCCTTGTCACATACTTGCTATTAAAATATACTTTTATTAGTACA,4,ATCTTCAA,11,chr5,123775517,123775680,123775556,123775599,,,123775556,123775599,0.4,2,0.01,0.001,0.728,,ATCTATCTATCT,-,-,STR,2,1,Identity
PowerSeq,15,D7S820,AGAATTGCACCAAATATTGGTAATTAAATGTTTACTATAGACTATTTAGTGAGATTAAAAAAAACTATCAATCTGTCTATCTATCTATCTATCTATCTATCTATCTATCTATCTATCTATCTATCTATCGTTAGTTCGTTCTAAACTATGACAAGTGTTCTATCATACCCTTTATATATATTAACCTTAAAATAACTC,4,TATCGTTA,13,chr7,84160149,84160346,84160226,84160277,,,84160226,84160277,0.4,2,0.01,0.001,0.6,,TATCTATC,-,-,STR,2,1,Identity
PowerSeq,16,D8S1179,TTTCATGTGTACATTCGTATCTATCTGTCTATCTATCTATCTATCTATCTATCTATCTATCTATCTATCTATTCCCCACAGTGAAAATAATCTACAGGATAGGTAAATAAATTAAGGCATATTCACGCAATGGGATACGATACAGTGATGAAAATGAACTAATTATAGCTACGTGAAAC,4,TCTATTCC,13,chr8,124894846,124895024,124894865,124894916,,,124894865,124894916,0.4,2,0.01,0.001,0.701,,TCTATCTATCTA,-,-,STR,2,1,Identity
PowerSeq,2,D10S1248,CCCCAGGACCAATCTGGTCACAAACATATTAATGAATTGAACAAATGAGTGAGTGGAAGGAAGGAAGGAAGGAAGGAAGGAAGGAAGGAAGGAAGGAAGGAAGGAA,4,XXXXXXXX,13,chr10,129294190,129294295,129294244,129294295,,,129294244,129294295,0.4,2,0,0.001,0.557,,GGAAGGAAGGAA,-,-,STR,2,1,Identity
PowerSeq,20,TH01,CTCCATGGTGAATGAATGAATGAATGAATGAATGAATGAGGGAAATAAGGGAGGAACAGGCCAATGGGAATCACCCCAGAGCCCAGATACCCTTTGAATTTTGCCCCCTATTTGCCCAGGACCCCCCACCATGAGCTGCTGCTAGAGCCTGGGAAGGGCCTTGGGGCTGCCTCCCCAAGCAGGCAGGCTGGTTGGGGTGC,4,AATGAGGG,7,chr11,2171078,2171277,2171088,2171115,,,2171088,2171115,0.4,2,0.01,0.001,0.572,TGAT:TG AT;,ATGAATGA,-,-,STR,2,1,Identity
PowerSeq,3,D12S391,AGGATCAATGGATGCATAGGTAGATAGATAGATAGATAGATAGATAGATAGATAGATAGATAGATAGACAGACAGACAGACAGACAGACAGACAGATGAGAGGGGATT,4,AGATGAGA,19,chr12,12296999,12297106,12297020,12297095,,,12297020,12297095,0.4,2,0.01,0.001,0.641,TGAT:T GAT;TTA:T   TA;,AGACAGACAGAC,-,-,STR,2,1,Identity
PowerSeq,22,vWA,GGATAGATGGATAGATAGATAGATAGATAGATAGATAGATAGATAGATAGATAGACAGACAGACAGACAGACAGATAGATCAATCCAAGTCACATACTGATTATTCTTATCATCCACTAGGGCTTTCACATCTCAGCCAAGTCAACTTGGATCCTCTAGACCTGTTTCTTCTTCTGGAA,4,TAGATCAA,17,chr12,5983966,5984144,5983977,5984044,,,5983977,5984044,0.4,2,0.01,0.001,0.639,,TAGATAGACAGA,-,-,STR,2,1,Identity
PowerSeq,4,D13S317,TTCTTTAGTGGGCATCCGTGACTCTCTGGACTCTGACCCATCTAACGCCTATCTGTATTTACAAATACATTATCTATCTATCTATCTATCTATCTATCTATCTATCTATCTATCAATCAATCATCTATCTATCTTTCTGTCTGTCTTTTTGGGCTGCCTATGGCTCAACCCAAGTTGAAGGAGGAGATTT,4,TATCAATC,11,chr13,82147955,82148144,82148025,82148068,,,82148025,82148068,0.4,2,0.01,0.001,0.638,,TATCTATC,-,-,STR,2,1,Identity
PowerSeq,19,PentaE,TAATGATTACATAACATACATGTGTGTAAAGTGCTTAGTATCATGATTGATACATGGAAAGAATTCTCTTATTTGGGTTATTAATTGAGAAAACTCCTTACAATTTTCTTTTCTTTTCTTTTCTTTTCTTTGAGAC,5,XXXXXXXX,5,chr15,96830909,96831044,96831015,96831039,,,96831015,96831039,0.4,2,0.001,0.001,0.697,TTTTTTTT:TTTT TTTT;TCTTTTTCTTT:TCTTT   T TCTTT;,TCTTTTCTTT,-,-,STR,2,1,Identity
PowerSeq,5,D16S539,GTGCACAAATCTAAATGCAGAAAAGCACTGAAAGAAGAATCCAGAAAACCACAGTTCCCATTTTTATATGGGAGCAAACAAAGGCAGATCCCAAGCTCTTCCTCTTCCCTAGATCAATACAGACAGACAGACAGGTGGATAGATAGATAGATAGATAGATAGATAGATAGATAGATAGATATCAT,4,GATATCAT,11,chr16,86352565,86352749,86352702,86352745,,,86352702,86352745,0.4,2,0.01,0.001,0.563,,GATAGATA,-,-,STR,2,1,Identity
PowerSeq,6,D18S51,AGGCTGCAGTGAGCCATGTTCATGCCACTGCACTTCACTCTGAGTGACAAATTGAGACCTTGTCTCAGAAAGAAAGAAAGAAAGAAAGAAAGAAAGAAAGAAAGAAAGAAAGAAAGAAAGAAAGAAAGAAAGAAAGAAAAAGAGAGAGGAAAGAAAGAGAAAAAGAAAAGAAATAGTAGCAACTGTTATTG,4,AGAAAAAGAGAG,18,chr18,63281601,63281791,63281667,63281738,,,63281667,63281738,0.4,2,0.01,0.001,0.548,AAAGAG:AAAG  AG;,AGAAAGAAAGAA,-,-,STR,2,1,Identity
PowerSeq,7,D19S433,AAGTTCTTTAGCAGTGATTTCTGATATTTTGGTGCACCCATTACCCGAATAAAAATCTTCTCTCTTTCTTCCTCTCTCCTTCCTTCCTTCCTTCCTTCCTTCCTTCCTTCCTTCCTTCCTTCCTTCCTACCTTCTTTCCTTCAACAGAATCTTATTCTGTTGCCCAGGCTGGAGTGCA,4,CCTTCAAC,14,chr19,29926158,29926335,29926235,29926298,,,29926235,29926298,0.4,2,0,0.001,0.54,CCTACCTTTTCCTT:CCTACCT  TTTCCTT;,CCTTCCTT,-,-,STR,2,1,Identity
PowerSeq,9,D21S11,TGAATTGCCTTCTATCTATCTATCTATCTGTCTGTCTGTCTGTCTGTCTGTCTATCTATCTATATCTATCTATCTATCATCTATCTATCCATATCTATCTATCTATCTATCTATCTATCTATCTATCTATCTATCTATCGTCTATCTATCCAGTCTATCTACCTCCTATTAGTCT,4,TCTATCGT,29,chr21,19181963,19182137,19181973,19182099,,,19181973,19182099,0.4,2,0.01,0.001,0.584,TATA:TA  TA;TATCA:TA TCA;TATCCATA:TATCCA  TA;,TCTGTCTGTCTG,-,-,STR,2,1,Identity
PowerSeq,18,PentaD,GAGCCATGATCACACCACTACACTCCAGCCTAGGTGACAGAGCAAGACACCATCTCAAGAAAGAAAAAAAAGAAAGAAAAGAAAAGAAAAGAAAAGAAAAGAAAAGAAAAGAAAAGAAAAGAAAAGAAAAGAAAAGAAAAAACGAAGGGGAAAAAAAGAGAATCATAAACATAAATGTAAAATTTCTCAAAAAAATCGTTA,5,AAGAAAAAACGA,13,chr21,43636133,43636333,43636205,43636269,,,43636205,43636269,0.4,2,0.001,0.001,0.603,,AAAGA,-,-,STR,2,1,Identity
PowerSeq,10,D22S1045,CCTTCTTATAGCTGCTATGGGGGCTAGATTTTCCCCGATGATAGTAGTCTCATTATTATTATTATTATTATTATTATTATTATTATTATTATTACTATTATTGTTATAAAAATATTG,3,TATTGTTA,17,chr22,37140236,37140352,37140287,37140337,,,37140287,37140337,0.4,2,0.01,0.001,0.611,,ATTATTATT,-,-,STR,2,1,Identity
PowerSeq,23,DYS19,CTGGGTTAAGGAGAGTGTCACTATATCTATCTATCTATCTATCTATCTATCTATCTATCTATCTATCTATCTACCTATCTATCTATCTAAAACACTATATATATATAACACTATATATATAATACTATATATATATTAAAAAACACTAT,4,TCTAAAAC,15,chrY,9684354,9684492,9684380,9684443,,,9684380,9684443,0.4,2,0.01,0.001,0.57,,TCTATCTATCTA,-,-,STR,1,0,Identity
PowerSeq,24,DYS385,TCTTTTTCTCTTTCTTTCTTTCTTTCTTTCTTTCTTTCTTTCTTTCTTTCTTTCCCTTCCTTCCTTCCTTCCTTCCTTTCTTTCTCTTTCCTCTTTCTCTTTCTTCTCTTTCTTTCTTTTTCTCTTTTTCTCTTTCTTTCTTTTTTACTTTCTTTCTCCTTCCTTCCTTCCTT,4,TTTCCCTTCCTTCCTT,11,chrY,18639705,18639898,18639713,18639756,,,18639713,18639756,0.4,2,0,0.001,0.385,,TTTCTTTCTTTC,-,-,STR,2,0,Identity
PowerSeq,26,DYS389II,TAGATAGATAGATAGATAGATAGATAGATAGATAGACAGACAGACAGATACATAGATAATACAGATGAGAGTTGGATACAGAAGTAGGTATAATGATAGATAGATAGATAGATAGATAGATAGATAGATAGATAGATAGATAGACAGACAGACAGACAGACAGACACACACAT,4,CAGATACA,29,chrY,12500394,12500613,12500448,12500495,12500544,12500611,12500448,12500611,0.4,2,0,0.001,0.406,,TAGATAGATAGA,-,-,STR,1,0,Identity
PowerSeq,27,DYS390,TAGATAGATAGATAGACAGATAGATAGATAGATAGATAGATAGATAGATAGATAGATAGATAGACAGACAGACAGACAGACAGACAGACAGACAGATAGATAGAATATATTATGGGGTACCAAAATGCAGGGCCCAAAAATGTGTAAAATATATGTGTGAAT,4,CAGATAGATAGAATAT,24,chrY,15163044,15163224,15163067,15163162,,,15163067,15163162,0.4,2,0.01,0.001,0.516,,CAGACAGACAGA,-,-,STR,1,0,Identity
PowerSeq,28,DYS391,ATATCTGTCTGTCTGTCTATCTATCTATCTATCTATCTATCTATCTATCTATCTATCTATCTGCCTATCTGCCTGCCTACCTATCCCTCTATGGCAATTGCTTGCAACCAGGGAGATTTTAT,4,TCTATCTG,11,chrY,11982083,11982194,11982089,11982132,,,11982089,11982132,0.4,2,0.01,0.001,0.728,,TCTATCTATCTA,-,-,STR,1,0,Identity
PowerSeq,29,DYS392,TAAATAATAATAATAATAATAATAATAATAATAATAATAATAAATAAATGGTGATACAAGAAAAAAATTTGTTTTCCTTCTTGGCTTTTAAATAACAAACACTTGAAATCAAATTAGTT,3,AATAAATA,13,chrY,20471984,20472100,20471987,20472025,,,20471987,20472025,0.4,2,0.01,0.001,0.628,,ATAATAATA,-,-,STR,1,0,Identity
PowerSeq,31,DYS437,CCATCCGGTCTATCTATCTATCTATCTATCTATCTATCTATCTATCTGTCTGTCTATCTATCTATCTATCATCTATCATCTGTGAATGATGTCTATCTACTTATCTATGAATGATATTTATCTGTGGTTATCTATCTATCTATA,4,TCTATCAT,15,chrY,12346257,12346402,12346267,12346326,,,12346267,12346326,0.4,2,0,0.001,0.694,,TCTATCTATCTA,-,-,STR,1,0,Identity
PowerSeq,32,DYS438,CAGTATATTTTCTTTTCTTTTCTTTTCTTTTCTTTTCTTTTCTTTTCTTTTCTTTTCTTTTCTTTTCTATTTGAAATGGAGTTTCACTCTTGTTGCCCAG,5,TTTCTATT,12,chrY,12825882,12825982,12825889,12825948,,,12825889,12825948,0.4,2,0,0.001,0.726,,TTTTCTTTTCTTTTC,-,-,STR,1,0,Identity
PowerSeq,33,DYS439,ATAAATAGAAGATAGATAGATAGATAGATAGATAGATAGATAGATAGATAGATAGATAGAAAGTATAAGTAAAGAGATGA,4,GATAGAAA,12,chrY,12403509,12403589,12403517,12403564,,,12403517,12403564,0.4,2,0.01,0.001,0.794,,GATAGATAGATA,-,-,STR,1,0,Identity
PowerSeq,34,DYS448,AGAGATAGAGATAGAGATAGAGATAGAGATAGAGATAGAGATAGAGATAGAGATAGAGATAGAGATATAGAGATAGAGAGATAGAGATAGAGATAGATAGATAGAGAAAGAGATAGAGATAGAGATAGAGATAGAGATAGAGATAGAGATAGAGATAGAGA,6,XXXXXXXX,19,chrY,22218911,22219095,22218923,22218988,22219031,22219078,22218923,22219078,0.4,2,0,0.001,0.408,AGATAGAGATAGATAGAGAA:AGATAGAGATAGATAGA    GAA;,AGAGATAGAGATAGAGAT,-,-,STR,1,0,Identity
PowerSeq,37,DYS481,CTAAAAGGAATGTGGCTAACGCTGTTCAGCATGCTGCTTCTTCTTCTTCTTCTTCTTCTTCTTCTTCTTCTTCTTCTTCTTCTTCTTCTTCTTCTTCTTCTTTTTTGAG,3,TCTTTTTTGA,22,chrY,8558302,8558414,8558337,8558402,,,8558337,8558402,0.4,2,0.01,0.001,0.473,,CTTCTTCTTCTT,-,-,STR,1,0,Identity
PowerSeq,38,DYS533,CTACCTAATATTTATCTATATCATTCTAATTATGTCTCTTCTAACTATATAACTATGTATTATCTATCAATCTTCTACCTATCATCTTTCTAGCTAGCTATCATCTATCTATCTATCTATCTATCTATCTATCTATCTATCTATCTATCTATCATCTATCATCTTCTATTGTTTGGTTGAGTTAAGAACTGATCATGAATAAATACATTTCATTG,4,TATCATCTATCA,12,chrY,16281248,16281460,16281349,16281396,,,16281349,16281396,0.4,2,0.01,0.001,0.567,,ATCTATCTATCT,-,-,STR,1,0,Identity
PowerSeq,39,DYS549,GATGTAAAGAACTATAAAAAGATTAATACAACAAAAATTTGGTAATCTGAAATAATAAGGTAGACATAGCAATTAGGTAGGTAAAGAGGAAGATGATAGATGATTAGAAAGATGATAGATAGATAGATAGATAGATAGATAGATAGATAGATAGATAGATAGATAGAAAAAATCTAC,4,GATAGAAA,13,chrY,19358228,19358398,19358338,19358389,,,19358338,19358389,0.4,2,0.01,0.001,0.671,,GATAGATAGATA,-,-,STR,1,0,Identity
PowerSeq,40,DYS570,GTAAAATGAATGATGACTAGGTAGAAATCCTGGCTGTGTCCTCCAAGTTCCTTTTCTTTCTTTCTTTCTTTCTTTCTTTCTTTCTTTCTTTCTTTCTTTCTTTCTTTCTTTCTTTCTTTCTTTTTGT,4,TTTCTTTT,17,chrY,6993139,6993262,6993190,6993257,,,6993190,6993257,0.4,2,0.01,0.001,0.634,,TTTCTTTCTTTC,-,-,STR,1,0,Identity
PowerSeq,41,DYS576,TAAAAGAAAGAAAGAAAGAAAGAAAGAAAGAAAGAAAGAAAGAAAGAAAGAAAGAAAGAAAGAAAGAAAGAAAAAGCCAAGACAAATACGCTTATTACTCCCATCTCCTCCTTCATCTCCAGGAAATGAGACTG,4,AAAGAAAA,17,chrY,7185317,7185447,7185318,7185385,,,7185318,7185385,0.4,2,0.01,0.001,0.59,,AAAGAAAGAAAG,-,-,STR,1,0,Identity
PowerSeq,42,DYS635,CCAAATATCCATCAATCAATGAATGGATAAAGAAAATGTGATAGATAGATAGATAGATAGATAGATAGATAGATAGATACATACATAGATAGATACATACATAGATAGATACATACATAGATAGATAGATAGAG,4,XXXXXXXX,23,chrY,12258818,12258955,12258860,12258951,,,12258860,12258951,0.4,2,0.01,0.001,0.71,,TAGATAGATAGA,-,-,STR,1,0,Identity
PowerSeq,43,DYS643,ATGCTCTGTGATTTTTGCAGGTGTTCACTGCAAGCCATGCCTGGTTAAACTACTGTGCCTTTTCTTTTCTTTTCTTTTCTTTTCTTTTCTTTTCTTTTCTTTTCTTTTCTTTTCTTTCTTTTTAAAACTTTTTACTTCAGTAGAATTTTGGGG,5,TTTTCTTTCTTT,11,chrY,15314069,15314228,15314132,15314186,,,15314132,15314186,0.4,2,0.01,0.001,0.551,,CTTTTCTTTTCTTTT,-,-,STR,1,0,Identity
PowerSeq,44,Y-GATA-H4,CATTCTATCTATCTATCTATCTATCTATCTATCTATCTATCTATCTATCTACCTACCTACCTATCTATCTATAGATCTATCTATCTATCTTAAATTTGGAAATTCTCCTCAGCATAACATTTTAATGATGATTCCTAGGATACAAGTGATGTGCTGAAAGTATCAATGTGTATCAGAAAACCAACATCTCTGCTTAGGTCTC,4,TCTACCTA,12,chrY,16631673,16631872,16631673,16631720,,,16631673,16631720,0.4,2,0.01,0.001,0.596,,TCTATCTATCTA,-,-,STR,1,0,Identity
PowerSeq,30,DYS393,AGATAGATAGATAGATAGATAGATAGATAGATAGATAGATAGATAGATATGTATGTCTTTTCTATGAGACATACC,4,AGATATGT,12,chrY,3263111,3263183,3263111,3263158,,,3263111,3263158,0.4,2,0.01,0.001,0.746,,AGATAGATAGAT,-,-,STR,1,0,Identity
PowerSeq,35,DYS456,AGATAGATAGATAGATAGATAGATAGATAGATAGATAGATAGATAGATAGATAGATAGATATTCCATTAGTTCTGTCCCTCTAGAGAACCCTAATACATCAGTTTAAGAAG,4,AGATATTC,15,chrY,4402919,4403028,4402919,4402978,,,4402919,4402978,0.4,2,0.01,0.001,0.713,,AGATAGATAGAT,-,-,STR,1,0,Identity
PowerSeq,36,DYS458,GAAAGAAAGAAAAGGAAGGAAAGAAAGAAAGAAAGAAAGAAAGAAAGAAAGAAAGAAAGAAAGAAAGAAAGAAAGAAAGAAAGGAGGGTGGGCGTGGTGGCTCATGCTTGTAATGCCAGAACTTTGGGAGGCCGAGGT,4,GAAAGGAG,16,chrY,7999821,7999960,7999839,7999902,,,7999839,7999902,0.4,2,0.01,0.001,0.549,,GAAAGAAAGAAA,-,-,STR,1,0,Identity
ForenSeq,-,Amelogenin,,6,,,,-,-,,,,,,,0.4,2,0,0.001,0.942,,TCAAGT,-,-,INDEL,2,1,Identity
ForenSeq,1,CSF1PO,CTTCCTATCTATCTATCTATCTATCTATCTATCTATCTATCTATCTATCTATCTATCTAATCTATCTATCTT,4,ATCTAATC,13,chr5,150076318,150076389,150076324,150076375,,,150076324,150076375,0.4,2,0,0.001,0.857,,ATCTATCTATCT,-,-,STR,2,1,Identity
ForenSeq,2,D10S1248,TTGAACAAATGAGTGAGTGGAAGGAAGGAAGGAAGGAAGGAAGGAAGGAAGGAAGGAAGGAAGGAAGGAAATGAAGACAATACAACCAGAGTT,4,GGAAATGA,13,chr10,129294226,129294318,129294244,129294295,,,129294244,129294295,0.4,2,0,0.001,0.734,,GGAAGGAAGGAA,-,-,STR,2,1,Identity
ForenSeq,3,D12S391,CAGAGAGAAAGAATCAACAGGATCAATGGATGCATAGGTAGATAGATAGATAGATAGATAGATAGATAGATAGATAGATAGATAGACAGACAGACAGACAGACAGACAGACAGATGAGAGGGGATTTATTAGAGGAATTAGCTCAAGTGATATGGAGGCTGAAAAATCTCATGACAGTCCATCTGCAA,4,AGATGAGA,19,chr12,12296981,12297168,12297020,12297095,,,12297020,12297095,0.4,2,0,0.001,0.683,TGAT:T GAT;TTA:T   TA;,AGACAGACAGAC,-,-,STR,2,1,Identity
ForenSeq,4,D13S317,TCTGACCCATCTAACGCCTATCTGTATTTACAAATACATTATCTATCTATCTATCTATCTATCTATCTATCTATCTATCTATCAATCAATCATCTATCTATCTTTCTGTCTGTCTTTTTGGG,4,TATCAATC,11,chr13,82147986,82148107,82148025,82148068,,,82148025,82148068,0.4,2,0,0.001,0.8,,TATCTATC,-,-,STR,2,1,Identity
ForenSeq,5,D16S539,TCCTCTTCCCTAGATCAATACAGACAGACAGACAGGTGGATAGATAGATAGATAGATAGATAGATAGATAGATAGATAGATATCATTGAAAGACAAAACAGAGATGGATGATAGATAC,4,GATATCAT,11,chr16,86352664,86352781,86352702,86352745,,,86352702,86352745,0.4,2,0,0.001,0.806,,GATAGATA,-,-,STR,2,1,Identity
ForenSeq,42,D17S1301,ATATGTGTGAGATAGATAGATAGATAGATAGATAGATAGATAGATAGATAGATAGATCCATCATAGGAATTTT,4,AGATCCAT,12,chr17,74684846,74684918,74684855,74684902,,,74684855,74684902,0.4,2,0,0.001,0.764,TGAT:T GAT;,AGATAGAT,-,-,STR,2,1,Identity
ForenSeq,6,D18S51,GTCTCAGAAAGAAAGAAAGAAAGAAAGAAAGAAAGAAAGAAAGAAAGAAAGAAAGAAAGAAAGAAAGAAAGAAAGAAAAAGAGAGAGGAAAGAAAGAGAAAAAGAAAAGAAATAGTAGCAACTGTTATTGTAAGA,4,AGAAAAAGAGAG,18,chr18,63281662,63281796,63281667,63281738,,,63281667,63281738,0.4,2,0,0.001,0.746,AAAGAG:AAAG  AG;,AGAAAGAAAGAA,-,-,STR,2,1,Identity
ForenSeq,7,D19S433,AATAAAAATCTTCTCTCTTTCTTCCTCTCTCCTTCCTTCCTTCCTTCCTTCCTTCCTTCCTTCCTTCCTTCCTTCCTTCCTACCTTCTTTCCTTCAACAGAATCTTATTCTGTTGCCCAGGCTGGAGTGCAGTGGTACAATTATAGCT,4,CCTTCAAC,14,chr19,29926205,29926352,29926235,29926298,,,29926235,29926298,0.4,2,0,0.001,0.54,CCTACCTTTTCCTT:CCTACCT  TTTCCTT;,CCTTCCTT,-,-,STR,2,1,Identity
ForenSeq,8,D1S1656,TTCAGAGAAATAGAATCACTAGGGAACCAAATATATATACATACAATTAAACACACACACACCTATCTATCTATCTATCTATCTATCTATCTATCTATCTATCTATCTATCTATCTATCTATCTATCTA,4,XXXXXXXX,17,chr1,230769555,230769683,230769616,230769683,,,230769616,230769683,0.4,2,0,0.001,0.696,TCA:TC A;,TCTATCTATCTA,-,-,STR,2,1,Identity
ForenSeq,43,D20S482,AGACACCGAACCAATAAGAGATAGATAGATAGATAGATAGATAGATAGATAGATAGATAGATAGATAGATAGATAGAGATTTATTATAGGAATTGATT,4,AGATAGAG,14,chr20,4525674,4525771,4525692,4525747,,,4525692,4525747,0.4,2,0,0.001,0.751,,AGATAGAT,-,-,STR,2,1,Identity
ForenSeq,9,D21S11,AAATATGTGAGTCAATTCCCCAAGTGAATTGCCTTCTATCTATCTATCTATCTGTCTGTCTGTCTGTCTGTCTGTCTATCTATCTATATCTATCTATCTATCATCTATCTATCCATATCTATCTATCTATCTATCTATCTATCTATCTATCTATCTATCTATCGTCTATCTAT,4,TCTATCGT,29,chr21,19181939,19182111,19181973,19182099,,,19181973,19182099,0.4,2,0,0.001,0.684,TATA:TA  TA;TATCA:TA TCA;TATCCATA:TATCCA  TA;,TCTGTCTGTCTG,-,-,STR,2,1,Identity
ForenSeq,10,D22S1045,CGTTGGAATTCCCCAAACTGGCCAGTTCCTCTCCACCCTATAGACCCTGTCCTAGCCTTCTTATAGCTGCTATGGGGGCTAGATTTTCCCCGATGATAGTAGTCTCATTATTATTATTATTATTATTATTATTATTATTATTATTATTACTATTATTGTTATAAAAATATTGCCAAT,3,TATTGTTA,17,chr22,37140181,37140357,37140287,37140337,,,37140287,37140337,0.4,2,0,0.001,1.01,,ATTATTATT,-,-,STR,2,1,Identity
ForenSeq,11,D2S1338,GAGGGAAGGAAGGACGGAAGGAAGGAAGGAAGGAAGGAAGGAAGGAAGGAAGGAAGGAAGGAAGGAAGGCAGGCAGGCAGGCAGGCAGGCAGGCAAGGCCAAGCCATTT,4,GGCAAGGC,23,chr2,218014856,218014964,218014859,218014950,,,218014859,218014950,0.4,2,0,0.001,0.696,TGAT:T GAT;,GGAAGGAAGGAA,-,-,STR,2,1,Identity
ForenSeq,12,D2S441,CCAGGAACTGTGGCTCATCTATGAAAACTTCTATCTATCTATCTATCTATCTATCTATCTATCTATCTATCTATCTATATCATAACACCACAGCCACTTA,4,TCTATATC,12,chr2,68011918,68012017,68011947,68011994,,,68011947,68011994,0.4,2,0,0.001,0.867,TCA:TC A;,TCTATCTATCTA,-,-,STR,2,1,Identity
ForenSeq,13,D3S1358,TTTGGGGGCATCTCTTATACTCATGAAATCAACAGAGGCTTGCATGTATCTATCTGTCTATCTATCTATCTATCTATCTATCTATCTATCTATCTATCTATCTATCTATCTATGAGACAGGGTCTTGCTC,4,TCTATGAG,16,chr3,45540691,45540820,45540739,45540802,,,45540739,45540802,0.4,2,0,0.001,0.76,,ATCTATCTATCT,-,-,STR,2,1,Identity
ForenSeq,44,D4S2408,CTATGCATCTATCTATCTATCTATCTATCTATCTATCTATCTAATGGTTA,4,ATCTAATG,9,chr4,31302792,31302841,31302798,31302833,,,31302798,31302833,0.4,2,0,0.001,0.873,,ATCTATCT,-,-,STR,2,1,Identity
ForenSeq,14,D5S818,TATTTATACCTCTATCTATCTATCTATCTATCTATCTATCTATCTATCTATCTATCTTCAAAAT,4,ATCTTCAA,11,chr5,123775543,123775606,123775556,123775599,,,123775556,123775599,0.4,2,0,0.001,0.889,,ATCTATCTATCT,-,-,STR,2,1,Identity
ForenSeq,45,D6S1043,AGATGGCATATTGTGAAATTTCTCAGCTTCCATAATTGTATGAGCCACTTCCCATAATAAATCCTATCTATCTATCTATCTATCTATCTATCTATCTATCTATCTATCTATCTGATCTATCAATCTATTGATC,4,ATCTGATC,12,chr6,91740160,91740292,91740225,91740272,,,91740225,91740272,0.4,2,0,0.001,0.768,ATCA:ATC A;ATCTATATCT:ATCTAT  ATCT;,ATCTATCT,-,-,STR,2,1,Identity
ForenSeq,15,D7S820,TATTTAGTGAGATTAAAAAAAACTATCAATCTGTCTATCTATCTATCTATCTATCTATCTATCTATCTATCTATCTATCTATCTATCGTTAGTTCGTTCTAAACTAT,4,TATCGTTA,13,chr7,84160191,84160297,84160226,84160277,,,84160226,84160277,0.4,2,0,0.001,0.794,,TATCTATC,-,-,STR,2,1,Identity
ForenSeq,16,D8S1179,TCTATCTGTCTATCTATCTATCTATCTATCTATCTATCTATCTATCTATCTATTCCC,4,TCTATTCC,13,chr8,124894865,124894921,124894865,124894916,,,124894865,124894916,0.4,2,0,0.001,0.769,,TCTATCTATCTA,-,-,STR,2,1,Identity
ForenSeq,46,D9S1122,AGATAACTGTAGATAGGTAGATAGATAGATAGATAGATAGATAGATAGATAGATAGATAGATAGATATTAAT,4,TAGATATT,12,chr9,77073809,77073880,77073826,77073873,,,77073826,77073873,0.4,2,0,0.001,0.836,,TAGATAGA,-,-,STR,2,1,Identity
ForenSeq,47,DXS10074,TGTGTGTGCATGCATACACACACAGAGAGAGAGAGAGAGAAAAAGAAGAAAGAAAGAAAGAAAGAAAGAAAGAAAGAAAGAAAGAAAGAAAGAAAGAAAGAAAGGAAGAAAATAGAACAAATCAGCTTATATTCAGTATTTTTTTAGTATTTTCTGTGTCAGCTC,4,AAGAAAGGAAGAAAAT,16,chrX,67757300,67757464,67757345,67757400,,,67757345,67757400,0.4,2,0,0.001,0.708,,AAGAAAGAAAGA,-,-,STR,2,0,Identity
ForenSeq,48,DXS10103,TGCATGCACATACACATAACTAGATAGACTGACAGATAGATAGATAGATAGATAGATAGATAGATAGATAGATAGATAGACAGACAGACAGACAGATAGATA,4,XXXXXXXX,19,chrX,134284939,134285040,134284959,134284966,134284971,134285038,134284959,134285038,0.4,2,0,0.001,0.841,CAGATGATAGA:CAGAT GATAGA;,TAGATAGA,-,-,STR,2,0,Identity
ForenSeq,49,DXS10135,AAGAAAGAAAGAGAAAGGAAAGAAAGAAAGAAAGAAAGAAAGAAAGAAAGAAAGAAAGAAAGAAAGAAAGAAAGAAAGAAAGAAAGAAAGAAAGAAAAGAGAATAGAAAAGAAGAGAAGAGAAAAGAGAAAAGAAAAAAGAAAAGAAA,4,AAAGAGAAT,23,chrX,9338302,9338449,9338302,9338313,9338321,9338400,9338302,9338400,0.4,2,0,0.001,0.791,GGAAAGA:GGA AAGA;GAGAAAGA:GAGA  AAGA;,GAAAGAAAGAAA,-,-,STR,2,0,Identity
ForenSeq,50,DXS7132,TCCAGAGAAACAGAACCAATAGGATAGATAGATAGATAGATAGATAGATAGATAGATAGATAGATAGATAGATAGATAGACAGTCAGATAGATGAGAGGGGATTTATTATGAAAATGGGCTCACACTATTAAGGAGGCTAAGAAGTTCCACAGTAT,4,TAGACAGT,14,chrX,65435623,65435778,65435647,65435702,,,65435647,65435702,0.4,2,0,0.001,0.67,TGA:T GA;GAGA:GA  GA;,TAGATAGATAGA,-,-,STR,2,0,Identity
ForenSeq,51,DXS7423,CGCCTGGCACATAGTAGGTGCCCAAAAGATATTTGTCACACAAATAAATGAATGAGTATGTGGATGGATGGATGGATGGATGGATGGATGGATGGATGGATGGATGGAAGGACAGATGGATGGATGGATGGGGAGGAAATCTGGG,4,TGGATGGG,15,chrX,150542462,150542606,150542522,150542569,150542578,150542589,150542522,150542589,0.4,2,0,0.001,0.71,,TGGATGGATGGA,-,-,STR,2,0,Identity
ForenSeq,52,DXS8378,AGTGAGCTGAGATGGTGCCACTGAACTCCAGCCTGGGCGACAAGAGCGAAACTCCAACTCAAAAAATAAATAAATAAAATATAGATAGATAGATAGATAGATAGATAGATAGATAGATAGTGACCTGCCAGGAGCAGGGGACCACCGGGTTGCCTAAGGAGGGGTGAACTGTCCCAGGATGGAAATGAAACA,4,ATAGTGAC,10,chrX,9402182,9402373,9402262,9402301,,,9402262,9402301,0.4,2,0,0.001,0.685,,ATAGATAGATAG,-,-,STR,2,0,Identity
ForenSeq,53,DYF387S1,GAAGAAAGAGAAAAAAAGAAAGAAAGGTAGGAAGGAAGGAAGGAAGAAAGAAAGGAAGAAAGAAAGGAAGGAAGGAAGGAAGGAAGGAAGGAAGGAAGGAAGAAAGAAAGAAAGAAAGAAAGAAAGAAAGAAAGAAAGAAAGAAAGAAAGAAAG,4,XXXXXXXX,35,chrY,23785347,23785500,23785361,23785500,,,23785361,23785500,0.4,2,0,0.001,0.696,GAAGAAAAAG:GAAGAA  AAAG;,GAAGGAAGG,-,-,STR,2,0,Identity
ForenSeq,23,DYS19,TGGTCAATCTCTGCACCTGGAAATAGTGGCTGGGGCACCAGGAGTAATACTTCGGGCCATGGCCATGTAGTGAGGACAAGGAGTCCATCTGGGTTAAGGAGAGTGTCACTATATCTATCTATCTATCTATCTATCTATCTATCTATCTATCTATCTATCTACCTATCTATCTATCTA,4,XXXXXXXX,15,chrY,9684267,9684443,9684380,9684443,,,9684380,9684443,0.4,2,0,0.001,0.705,,TCTATCTATCTA,-,-,STR,1,0,Identity
ForenSeq,24,DYS385,TTTCTTTTTCTCTTTCTTTCTTTCTTTCTTTCTTTCTTTCTTTCTTTCTTTCTTTCCCTTCCTTCCTTCCTTCCTTCCTTTCTTTCTCTTTCCTCTTTCTCTTTCTTCTCTTTCTTTCTTTTTCTCTTTTTCTCTTTCTTTCTTTTTTACTTTCTTTCTCCTTCCTTCCTTCCTTTCTGAATTTCATTTCTTTTCTTT,4,TTTCCCTTCCTTCCTT,11,chrY,18639701,18639898,18639713,18639756,,,18639713,18639756,0.4,2,0,0.001,0.831,,TTTCTTTCTTTC,-,-,STR,2,0,Identity
ForenSeq,25,DYS389I,TAGATAGATAGATAGATAGATAGATAGATAGATAGACAGACAGACAGATACATAGATAATACAGAT,4,CAGATACA,12,chrY,12500448,12500513,12500448,12500495,,,12500448,12500495,0.4,2,0,0.001,0.797,,TAGATAGATAGA,-,-,STR,1,0,Identity
ForenSeq,26,DYS389II,TAGATAGATAGATAGATAGATAGATAGATAGATAGACAGACAGACAGATACATAGATAATACAGATGAGAGTTGGATACAGAAGTAGGTATAATGATAGATAGATAGATAGATAGATAGATAGATAGATAGATAGATAGATAGACAGACAGACAGACAGACAGACACACACATAGATAATACAGAT,4,CAGATACA,29,chrY,12500448,12500633,12500448,12500495,12500544,12500611,12500448,12500611,0.4,2,0,0.001,0.485,,TAGATAGATAGA,-,-,STR,1,0,Identity
ForenSeq,27,DYS390,AGAAATGGATGACAGTAAAATGAAAACATTGCAATGTGTATACTCAGAAACAAGGAAAGATAGATAGATGATAGATAGATAGATAGACAGATAGATAGATAGATAGATAGATAGATAGATAGATAGATAGATAGACAGACAGACAGACAGACAGACAGACAGACAGATAGAT,4,XXXXXXXX,24,chrY,15162996,15163167,15163067,15163162,,,15163067,15163162,0.4,2,0,0.001,0.764,,CAGACAGACAGA,-,-,STR,1,0,Identity
ForenSeq,28,DYS391,ATATCTGTCTGTCTGTCTATCTATCTATCTATCTATCTATCTATCTATCTATCTATCTATCTGCCTATCTGCCTGCCTACCTATCCCTCTAT,4,TCTATCTG,11,chrY,11982074,11982165,11982089,11982132,,,11982089,11982132,0.4,2,0,0.001,0.773,,TCTATCTATCTA,-,-,STR,1,0,Identity
ForenSeq,29,DYS392,TTAAACCTACCAATCCCATTCCTTAGTAAATAATAATAATAATAATAATAATAATAATAATAATAATAAATAAATGGTGATACAAGAAAAAAATTTGTTTTCCTTCTTGGCTTTTAAATAACAAACACTTGAAATCAAATTAGTTGTTTTTAAAAGCTAGATTAATGAAGAA,3,AATAAATA,13,chrY,20471958,20472129,20471987,20472025,,,20471987,20472025,0.4,2,0,0.001,1.01,,ATAATAATA,-,-,STR,1,0,Identity
ForenSeq,30,DYS437,ATGCCCATCCGGTCTATCTATCTATCTATCTATCTATCTATCTATCTATCTATCTGTCTGTCTATCTATCTATCTATCATCTATCATCTGTGAATGATGTCTATCTACTTATCTATGAATGATATTTATCTGTGGTTATCTATCTATCTATATCATCTGTGAATGACAGGGTCTTCCTCTG,4,TCTATCAT,15,chrY,12346255,12346431,12346267,12346326,,,12346267,12346326,0.4,2,0,0.001,0.749,,TCTATCTATCTA,-,-,STR,1,0,Identity
ForenSeq,31,DYS438,GGTAAACAGTATATTTTCTTTTCTTTTCTTTTCTTTTCTTTTCTTTTCTTTTCTTTTCTTTTCTATTTGAAATGGAGTTTCACTCTTGTTGCCCAGGCT,5,TTTCTATT,12,chrY,12825876,12825984,12825889,12825948,,,12825889,12825948,0.4,2,0,0.001,0.791,,TTTTCTTTTCTTTTC,-,-,STR,1,0,Identity
ForenSeq,32,DYS439,AAGGTGATAGATATACAGATAGATAGATACATAGGTGGAGACAGATAGATGATAAATAGAAGATAGATAGATAGATAGATAGATAGATAGATAGATAGATAGATAGATAGATAGAAAGTATAAGTAAAGAGATGAT,4,GATAGAAA,12,chrY,12403456,12403587,12403517,12403564,,,12403517,12403564,0.4,2,0,0.001,0.811,,GATAGATAGATA,-,-,STR,1,0,Identity
ForenSeq,33,DYS448,GAGATAGAGACATGGATAAAGAGATAGAGATAGAGATAGAGATAGAGATAGAGATAGAGATAGAGATAGAGATAGAGATAGAGATATAGAGATAGAGAGATAGAGATAGAGATAGATAGATAGAGAAAGAGATAGAGATAGAGATAGAGATAGAGATAGAGATAGAGATAGAGATAGAGA,6,XXXXXXXX,19,chrY,22218904,22219083,22218923,22218988,22219031,22219078,22218923,22219078,0.4,2,0,0.001,0.748,AGATAGAGATAGATAGAGAA:AGATAGAGATAGATAGA    GAA;,AGAGATAGAGATAGAGAT,-,-,STR,1,0,Identity
ForenSeq,54,DYS460,TATTATCTATCATCTACCTATTAGATATATCTGTCTATCCATATCATCTATCCTCTGCCTATCATTTATTATGTATTTGTCTATTATCTATCTATCTATCTATCTATCTATCTATCTATCTATCTATGTCAGAGGTGTCAGATTCCTCTGGTATTCTTGTGCTTGCTACTGTCTTGAC,4,CTATGTCA,10,chrY,18888869,18889046,18888956,18888995,,,18888956,18888995,0.4,2,0,0.001,0.788,,CTATCTATCTAT,-,-,STR,1,0,Identity
ForenSeq,55,DYS461,TCTGTCTATCTATCTATCTATCTATCTATCTATCTATCTATCTATCTACCTATCTTCTATCTACCTATTATCTATCATCTACCTATTAGATATATCTGTCTATCCATATCATCTATCCTCTGCCTATCATTTATTATGTA,4,TACCTATCTTCTA,12,chrY,18888804,18888943,18888804,18888849,,,18888804,18888849,0.4,2,0,0.001,1.01,,CTATCTATCTAT,-,-,STR,1,0,Identity
ForenSeq,34,DYS481,TGGCTAACGCTGTTCAGCATGCTGCTTCTTCTTCTTCTTCTTCTTCTTCTTCTTCTTCTTCTTCTTCTTCTTCTTCTTCTTCTTCTTCTTTTTTGA,3,TCTTTTTTGA,22,chrY,8558313,8558408,8558337,8558402,,,8558337,8558402,0.4,2,0,0.001,0.49,,CTTCTTCTTCTT,-,-,STR,1,0,Identity
ForenSeq,56,DYS505,GTTTACTTTCTTTCTCTTTTTCTCTTTTTTTCTTTATTTTTCTTTCTCTGTTCTTTTTCTCTCCTTCCTTCCTTCCTTCCTTCCTTCCTTCCTTCCTTCCTTCCTTCCTTCTTTCCCTCCTTCTTTCTCTTTA,4,TCCTTCTTTCCC,12,chrY,3772729,3772861,3772790,3772837,,,3772790,3772837,0.4,2,0,0.001,0.432,,TCCTTCCTTCCT,-,-,STR,1,0,Identity
ForenSeq,57,DYS522,AGTTAGAGAGAGAGATGATGGATAGATAAATAGATAGATGATAGATGAATAGATAGGCGGGTAATAGATTTTATATAGATAGATGATAGCTAGATAATGGATAGACATAGGTGACAGATGATAAATACATAGATAAATAGATGATAGATAGATAGATAGATAGATAGATAGATAGATAGATAGACAGATGTCCACCATGAGGTTC,4,ATAGACAGATGT,10,chrY,7547442,7547646,7547585,7547624,,,7547585,7547624,0.4,2,0,0.001,0.679,,GATAGATAGATA,-,-,STR,1,0,Identity
ForenSeq,35,DYS533,TAACTATATAACTATGTATTATCTATCAATCTTCTACCTATCATCTTTCTAGCTAGCTATCATCTATCTATCTATCTATCTATCTATCTATCTATCTATCTATCTATCTATCATCTATCATCTTCTATTGTTT,4,TATCATCTATCA,12,chrY,16281285,16281417,16281349,16281396,,,16281349,16281396,0.4,2,0,0.001,0.791,,ATCTATCTATCT,-,-,STR,1,0,Identity
ForenSeq,36,DYS549,TAATAAGGTAGACATAGCAATTAGGTAGGTAAAGAGGAAGATGATAGATGATTAGAAAGATGATAGATAGATAGATAGATAGATAGATAGATAGATAGATAGATAGATAGATAGAAAAAATCTACATAAACAAAATCACAAATGGAAAAGGGGACATTACCA,4,GATAGAAA,13,chrY,19358277,19358438,19358338,19358389,,,19358338,19358389,0.4,2,0,0.001,0.774,,GATAGATAGATA,-,-,STR,1,0,Identity
ForenSeq,37,DYS570,GTAGAAATCCTGGCTGTGTCCTCCAAGTTCCTTTTCTTTCTTTCTTTCTTTCTTTCTTTCTTTCTTTCTTTCTTTCTTTCTTTCTTTCTTTCTTTCTTTCTTTTTGTAGATAGG,4,TTTCTTTT,17,chrY,6993158,6993271,6993190,6993257,,,6993190,6993257,0.4,2,0,0.001,0.709,,TTTCTTTCTTTC,-,-,STR,1,0,Identity
ForenSeq,38,DYS576,AAAGAAAGAAAGAAAGAAAGAAAGAAAGAAAGAAAGAAAGAAAGAAAGAAAGAAAGAAAGAAAGAAAGAAAAAGCCAAGACAAATACGCTTATTACTCCCATCTCCT,4,AAAGAAAA,17,chrY,7185318,7185424,7185318,7185385,,,7185318,7185385,0.4,2,0,0.001,0.722,,AAAGAAAGAAAG,-,-,STR,1,0,Identity
ForenSeq,58,DYS612,TTTCACACAGGTTCAGAGGTTTGCCTCCTCCTCCTCCTCTTTCTTCTTCTTCTCCTTCTTCTTCTTCTTCTTCTTCTTCTTCTTCTTCTTCTTCTTCTTCTTCTTCTTCTTCTTCTTCTTCTTCTTCTTCTGTCACTTTTCCAAATTATTTTCTTTT,3,TTCTGTCA,36,chrY,13640705,13640861,13640728,13640835,,,13640728,13640835,0.4,2,0,0.001,0.436,,TCTTCTTCTTCT,-,-,STR,1,0,Identity
ForenSeq,39,DYS635,ATCAATCAATGAATGGATAAAGAAAATGTGATAGATAGATAGATAGATAGATAGATAGATAGATAGATACATACATAGATAGATACATACATAGATAGATACATACATAGATAGATAGATAGAGATTCTATGCAAAGTGAGAAGCCA,4,TAGAGATT,23,chrY,12258829,12258975,12258860,12258951,,,12258860,12258951,0.4,2,0,0.001,0.794,,TAGATAGATAGA,-,-,STR,1,0,Identity
ForenSeq,40,DYS643,TGATTTTTGCAGGTGTTCACTGCAAGCCATGCCTGGTTAAACTACTGTGCCTTTTCTTTTCTTTTCTTTTCTTTTCTTTTCTTTTCTTTTCTTTTCTTTTCTTTTCTTTCTTTTTAAAACTT,5,TTTTCTTTCTTT,11,chrY,15314082,15314203,15314132,15314186,,,15314132,15314186,0.4,2,0,0.001,0.768,,CTTTTCTTTTCTTTT,-,-,STR,1,0,Identity
ForenSeq,17,FGA,CCAGCAAAAAAGAAAGGAAGAAAGGAAGGAAGGAGAAAGAAAGAAAGAAAGAAAGAAAGAAAGAAAGAAAGAAAGAAAGAAAGAAAGAAAGAGAAAAAAGAAAGAAAGAAA,4,XXXXXXXX,22,chr4,154587713,154587823,154587736,154587823,,,154587736,154587823,0.4,2,0,0.001,0.714,AAAGAAAAAAGAAA:AAAG  AAAAAAGAAA;,AAAGAAAG,-,-,STR,2,1,Identity
ForenSeq,59,HPRTB,CTAGAACTTATCTTCTGTAAATCTGTCTCTATTTCCATCTCTGTCTCCATCTTTGTCTCTATCTCTATCTGTCTATCTCTATCTATCTATCTATCTATCTATCTATCTATCTATCTATCTATCTATCTATCTAAAGCAAATTCATGCCCTTCTCCTATTT,4,TCTAAAGC,13,chrX,134481429,134481588,134481509,134481560,,,134481509,134481560,0.4,2,0,0.001,0.805,,TCTATCTA,-,-,STR,2,0,Identity
ForenSeq,18,PentaD,GATCACTTGAGCCTGGAAGGTCGAAGCTGAAGTGAGCCATGATCACACCACTACACTCCAGCCTAGGTGACAGAGCAAGACACCATCTCAAGAAAGAAAAAAAAGAAAGAAAAGAAAAGAAAAGAAAAGAAAAGAAAAGAAAAGAAAAGAAAAGAAAAGAAAAGAAAAGAAAAAACGAA,5,AAGAAAAAACGA,13,chr21,43636100,43636278,43636205,43636269,,,43636205,43636269,0.4,2,0,0.001,0.91,,AAAGA,-,-,STR,2,1,Identity
ForenSeq,19,PentaE,AGAAAACTCCTTACAATTTTCTTTTCTTTTCTTTTCTTTTCTTTGAGACTGAGTCTTGCTCAGTCGCCCAGGCTGGAGTGCAATGGCGTGATCTCGGCTCACTTCAATCTCCACCTCCT,5,CTTTGAGA,5,chr15,96830996,96831114,96831015,96831039,,,96831015,96831039,0.4,2,0,0.001,1.019,TTTTTTTT:TTTT TTTT;TCTTTTTCTTT:TCTTT   T TCTTT;,TCTTTTCTTT,-,-,STR,2,1,Identity
ForenSeq,20,TH01,TGCAGGTCACAGGGAACACAGACTCCATGGTGAATGAATGAATGAATGAATGAATGAATGAGGGAAATAAGG,4,AATGAGGG,7,chr11,2171056,2171127,2171088,2171115,,,2171088,2171115,0.4,2,0,0.001,0.803,TGAT:TG AT;,ATGAATGA,-,-,STR,2,1,Identity
ForenSeq,21,TPOX,TGAATGAATGAATGAATGAATGAATGAATGAATGTTTGG,4,AATGTTTG,8,chr2,1489651,1489689,1489653,1489684,,,1489653,1489684,0.4,2,0,0.001,0.899,,AATGAATG,-,-,STR,2,1,Identity
ForenSeq,22,vWA,AATACATAGGATGGATGGATAGATGGATAGATAGATAGATAGATAGATAGATAGATAGATAGATAGATAGACAGACAGACAGACAGACAGATAGATCAAT,4,TAGATCAA,17,chr12,5983950,5984049,5983977,5984044,,,5983977,5984044,0.4,2,0,0.001,0.82,,TAGATAGACAGA,-,-,STR,2,1,Identity
ForenSeq,41,Y-GATA-H4,CTATCTATCTATCTATTCATCCATCTAATCTATCCATTCTATCTATCTATCTATCTATCTATCTATCTATCTATCTATCTATCTACCTACCTACCTATCTATCTATAGATCTATCTATCTATCT,4,TCTACCTA,12,chrY,16631636,16631759,16631673,16631720,,,16631673,16631720,0.4,2,0,0.001,0.748,,TCTATCTATCTA,-,-,STR,1,0,Identity
ForenSeq,61,rs3737576,GGGGTTAGACCTGCATTTATTTCAGTCTTTCACAATCTTTGACAAGAACCAGG,1,XXXXXXXX,101244007,chr1,101243990,101244042,,,,,,,0.4,2,0,0.001,0.924,,GGGGT,TAGAC,CTGCA,SNP,2,0,Ancestry
ForenSeq,62,rs7554936,TTACCTGCATCATGTCTCTCTCATCCTAGTGAATGCCATCCGTATCACCTGTCGAAGGT,1,XXXXXXXX,151150013,chr1,151149961,151150019,,,,,,,0.4,2,0,0.001,0.905,,TTACC,TGCAT,CATGT,SNP,2,0,Ancestry
ForenSeq,63,rs2814778,TCCTTGGCTCTTATCTTGGAAGCACAGGCGCTGACAGCCGTCCCAGCCCTTCTGTCTGCGGGCCTGAACCAAACGGTGC,1,XXXXXXXX,159204893,chr1,159204880,159204958,,,,,,,0.4,2,0,0.001,0.872,,CCTTG,GGCTC,TTGGA,SNP,2,0,Ancestry
ForenSeq,64,rs560681,TCCATCTCTATTTACTCAGGTCACAGGACCTTGGGGCCTCCAAGAGTT,1,XXXXXXXX,160816880,chr1,160816871,160816918,,,,,,,0.4,2,0,0.001,0.92,,CCATC,GGTCA,CCTTG,SNP,2,0,Identity
ForenSeq,65,rs1294331,CAAAAATTCAATAAAAATCCATAACTACACT,1,XXXXXXXX,233312667,chr1,233312640,233312670,,,,,,,0.4,2,0,0.001,0.949,,CAAAA,ATTCA,ATAAA,SNP,2,0,Identity
ForenSeq,66,rs10495407,TCTGCTTCTGGAGATCTCCACTTCCTCTTGGTTGCATTGGATTCTCATTGAAAGTCCTATTCCATTC,1,XXXXXXXX,238276008,chr1,238275955,238276021,,,,,,,0.4,2,0,0.001,0.91,,TCTGC,TTCTG,GAGAT,SNP,2,0,Identity
ForenSeq,67,rs891700,ACTTGCATAGTTCTAAG,1,XXXXXXXX,239718626,chr1,239718626,239718642,,,,,,,0.4,2,0,0.001,0.938,,TTGCA,-,-,SNP,2,0,Identity
ForenSeq,68,rs1413212,TGAAATGTCCCATGCTCCACC,1,XXXXXXXX,242643495,chr1,242643488,242643508,,,,,,,0.4,2,0,0.001,0.951,,TGAAA,CATGC,TCCAC,SNP,2,0,Identity
ForenSeq,60,rs1490413,TCAGAACTGCCTGGTGTGGACTGGGCTGATGTGGGTTCTTTGCAGAACTGGCTGG,1,XXXXXXXX,4307263,chr1,4307219,4307273,,,,,,,0.4,2,0,0.001,0.903,,TCAGA,CTGGT,CTGGG,SNP,2,0,Identity
ForenSeq,137,rs740598,TCAAATAGCAATGGCTCGTCTATGGTTAGTCTCGCAGCCACATTCTCAGAACTGCTCAAACCCTGGCCCTGC,1,XXXXXXXX,116747388,chr10,116747355,116747426,,,,,,,0.4,2,0,0.001,0.885,,TCAAA,TAGCA,ATGGC,SNP,2,0,Identity
ForenSeq,138,rs964681,GACATGGGCATTTGGGGCCACAGTGCTCAGACAGCAACCTCTGGTTCTTACCAATCC,1,XXXXXXXX,130900156,chr10,130900152,130900208,,,,,,,0.4,2,0,0.001,0.9,,GGGCA,TTTGG,GGCCA,SNP,2,0,Identity
ForenSeq,135,rs3780962,GATGAACAAGGTCAAGATATCAGCTTTCACCCGTAAGGACAG,1,XXXXXXXX,17151347,chr10,17151313,17151354,,,,,,,0.4,2,0,0.001,0.917,,GATGA,ACAAG,GTCAA,SNP,2,0,Identity
ForenSeq,133,rs826472,TAGCATTTTTATGCATCAATAAGATGTTAATTATGATCAGATATTTTACAATGATGCTGAATTTTGTCTCTGTTATATTAGTCACCTATCTCTCATCAGGAT,1,XXXXXXXX,2364437,chr10,2364342,2364443,,,,,,,0.4,2,0,0.001,0.891,,TAGCA,TTTTT,ATGCA,SNP,2,0,Identity
ForenSeq,134,rs735155,GAGTGTCACCGAATTCAACGGGAAGCCAGCAGGTCTCCCTCTCCAGCGCGGCCCAGCAGGCCTCTCCCGACCCTTCAGCGCCAGCTCTCCGGTTTTCTCCAGGTTAGGTCCCTTCTGGAGCCGGCGTC,1,XXXXXXXX,3331986,chr10,3331961,3332088,,,,,,,0.4,2,0,0.001,0.799,,GTCAC,CGAAT,GCAGG,SNP,2,0,Identity
ForenSeq,136,rs4918664,TGGTGAGTCTGGGAGTGTTTCCTCTCAGCTCAGCTATGGTGGACACCCAAAGGTGGGCAGAGAGAGTAAGAGAACCTCAAATCACCATGGAGTCCTCCAAAGAGGAATCTTTTGGTCAGA,1,XXXXXXXX,93161308,chr10,93161228,93161347,,,,,,,0.4,2,0,0.001,0.859,,TGGTG,AGTCT,GGGAG,SNP,2,0,Ancestry
ForenSeq,140,rs901398,GTGCAAACTAGCTGAATATCAGCCCCGTTGATAGCTAACATTAGT,1,XXXXXXXX,11074674,chr11,11074649,11074693,,,,,,,0.4,2,0,0.001,0.92,,GTGCA,AACTA,AGCCC,SNP,2,0,Identity
ForenSeq,144,rs1079597,GGGCAGCAGGAACCACATGATCAGATTCGCCTTTCGAATAGGTGATTCTGACAGCACTGTGGAGAACGGAGAGGAGGGGCCCAGAGTGGAAGCGGGACACCAACTGGGAGGCTGTAGCA,1,XXXXXXXX,113425564,chr11,113425530,113425648,,,,,,,0.4,2,0,0.001,0.851,,GGGCA,GCAGG,AACCA,SNP,2,0,Ancestry
ForenSeq,145,rs10488710,TAAAAATAAAACCGACTGCCACATTTGCAGAAAAAGAACAAGTGGGAACTCCTAATACAGTAAA,1,XXXXXXXX,115336457,chr11,115336442,115336505,,,,,,,0.4,2,0,0.001,0.925,,TAAAA,ATAAA,ACCGA,SNP,2,0,Identity
ForenSeq,146,rs2076848,CCCGGGACCGCTTCAGGTCCATCAAGCCCTGATTTCTGGTGGTGAGGCCAGGATACCTGTGTATTATCAATAATTTC,1,XXXXXXXX,134797652,chr11,134797628,134797704,,,,,,,0.4,2,0,0.001,0.868,,GGGAC,CGCTT,CAGGT,SNP,2,0,Identity
ForenSeq,139,rs1498553,ACTTCAGATGTTCAAAGCCAGACGAGAATAAAAGGATGGCTATGAGATCTATGGAAGTGCTGAG,1,XXXXXXXX,5687798,chr11,5687776,5687839,,,,,,,0.4,2,0,0.001,0.918,,ACTTC,AGATG,TTCAA,SNP,2,0,Identity
ForenSeq,141,rs174570,GGGATGAACTTGACGTAGATCATTCCACCTGGAGGTCTAGGATGCCCAACTGTTGGTGGGCTTTTGCTCTCTAAGCTGTG,1,XXXXXXXX,61829740,chr11,61829727,61829806,,,,,,,0.4,2,0,0.001,0.896,,GGATG,GAACT,TAGAT,SNP,2,0,Ancestry
ForenSeq,142,rs1042602,TGCTTGGGGGATCTGAAATCTGGAGAGACATTGATTTTGCCCATGAAGCACCAGCTTTTCTGCCTTGG,1,XXXXXXXX,89178528,chr11,89178516,89178583,,,,,,,0.4,2,0,0.001,0.903,,TGCTT,GGGGG,ATCTG,SNP,2,0,Phenotype
ForenSeq,143,rs1393350,CGTGCATATCCACCAACTCCTACTCTTCCTCAGTCCCTTCTCTGCAACGAAATCTG,1,XXXXXXXX,89277878,chr11,89277830,89277885,,,,,,,0.4,2,0,0.001,0.908,,CGTGC,ATATC,CACCA,SNP,2,0,Phenotype
ForenSeq,151,rs2111980,AGATCTTTGCCAGTGAGTCACGGAGCGGAGGCACCAGGCTGGAGCTTGAAGG,1,XXXXXXXX,105934476,chr12,105934430,105934481,,,,,,,0.4,2,0,0.001,0.91,,AGATC,TTTGC,CAGTG,SNP,2,0,Identity
ForenSeq,152,rs2238151,TTGGAAGTTTAAAAGAGTGGGAACATGGGGACGCATAGGGAGTGGTGAAACTGGCTCAGGGAAAGTC,1,XXXXXXXX,111774029,chr12,111773974,111774040,,,,,,,0.4,2,0,0.001,0.895,,TTGGA,AGTTT,AAAAG,SNP,2,0,Ancestry
ForenSeq,153,rs671,TGTTTGGAGCCCAGTCACCCTTTGGTGGCTACAAGATGTCGGGGAGTGGCCGGGAGTTGGGCGAGTACGGGCTGCAGGCATACACTGAAGTGAA,1,XXXXXXXX,111803962,chr12,111803876,111803969,,,,,,,0.4,2,0,0.001,0.87,,TGTTT,GGAGC,CCAGT,SNP,2,0,Ancestry
ForenSeq,154,rs10773760,TGTTAGCCGTCGGGACCAGCTTCTGTCTGGAAGTTCGTCAAATTGCAGTTAAGTCC,1,XXXXXXXX,130277151,chr12,130277100,130277155,,,,,,,0.4,2,0,0.001,0.913,,TGTTA,GCCGT,CGGGA,SNP,2,0,Identity
ForenSeq,149,rs2920816,ATTATTTAACAGTTTCTGGAGTTATTAATAAATTGGATTATATAGCAATTGATAGCATGGAATTTGAAATAGAAAATATTAAAGTATTTCTATTTACAGATGATATAATAG,1,XXXXXXXX,40469250,chr12,40469199,40469309,,,,,,,0.4,2,0,0.001,0.887,,TATTT,AACAG,TTTCT,SNP,2,0,Identity
ForenSeq,148,rs2269355,TCCCGAGTTCTCTCCACAGTCCC,1,XXXXXXXX,6836750,chr12,6836737,6836759,,,,,,,0.4,2,0,0.001,0.949,,AGTTC,ACAGT,-,SNP,2,0,Identity
ForenSeq,147,rs2107612,ACTAATTATGTGTTTTTTCTAAATCATATTGTCTGCTTTTCTCCAAAACA,1,XXXXXXXX,779154,chr12,779120,779169,,,,,,,0.4,2,0,0.001,0.945,,ACTAA,TTATG,CACTA,SNP,2,0,Identity
ForenSeq,150,rs12821256,ATTAAGCTCTGTGTTTAGGGTTTTTTTCCTTTAGTGTGCCGTAGTAACATGCCCTTGGCTCCAGGGAACTTTAT,1,XXXXXXXX,88934558,chr12,88934524,88934597,,,,,,,0.4,2,0,0.001,0.869,,ATTAA,GCTCT,GTGTT,SNP,2,0,Phenotype
ForenSeq,161,rs1058083,TTTGCTCAGAGTATCCAGAGTTAGCCACTAGG,1,XXXXXXXX,99385979,chr13,99385963,99385994,,,,,,,0.4,2,0,0.001,0.948,,TTTGC,TCAGA,GTATC,SNP,2,0,Identity
ForenSeq,162,rs354439,TTCTTAACTCTCAAATTGCAGGTTGCGATAGAAAACAGTGAATGATATTCAGAATATTGTGCTTAAAAGGAATGTGATACATGAGAGAGATACATAAGGGAAAGAGAAGCCACCAGAACA,1,XXXXXXXX,106286062,chr13,106285996,106286115,,,,,,,0.4,2,0,0.001,0.879,,TTCTT,AACTC,TCAAA,SNP,2,0,Identity
ForenSeq,163,rs9522149,CCGGGAGGTCCTTGCAGCTCCTAGGAAGCAGTTTGCTGATAACTCAGCTAGGCGTGCGAGGACTAGAAGTTGCTGACA,1,XXXXXXXX,111174820,chr13,111174799,111174876,,,,,,,0.4,2,0,0.001,0.886,,GGGAG,GTCCT,TGCAG,SNP,2,0,Ancestry
ForenSeq,155,rs1335873,TCCCGTACCAGGTACCTAGCTATGTACTCAGTATTCCACGGCCAACAATACATACCTGCACCCT,1,XXXXXXXX,20327585,chr13,20327551,20327614,,,,,,,0.4,2,0,0.001,0.893,,GTACC,AGGTA,CCTAG,SNP,2,0,Identity
ForenSeq,156,rs1886510,TGACGCCTGGATTTTCACAACAACACTTGCGAATATTGCTTATTCTTTTAAGAATTACTAAAATTTACCC,1,XXXXXXXX,21800561,chr13,21800531,21800600,,,,,,,0.4,2,0,0.001,0.885,,TGACG,CCTGG,ATTTT,SNP,2,0,Identity
ForenSeq,157,rs7997709,AAATAGTGCTAAAATAAATCGCTAACCACTGAG,1,XXXXXXXX,34273600,chr13,34273581,34273613,,,,,,,0.4,2,0,0.001,0.955,,AAATA,GTGCT,AAAAT,SNP,2,0,Ancestry
ForenSeq,158,rs1572018,TTGGTAGTACACTAATGGATATATGTGAGACCATTGGTTTGGAGCAAACAACATGTAAACTAGAGACATGAA,1,XXXXXXXX,41141146,chr13,41141113,41141184,,,,,,,0.4,2,0,0.001,0.911,,TTGGT,AGTAC,ACTAA,SNP,2,0,Ancestry
ForenSeq,159,rs2166624,AATTATAAGACGTTACCACCTG,1,XXXXXXXX,42005849,chr13,42005838,42005859,,,,,,,0.4,2,0,0.001,0.924,,AATTA,TAAGA,CCACC,SNP,2,0,Ancestry
ForenSeq,160,rs7326934,CTGATTTACAGTTGCTCACTCAGCCACTCAGAGATGATTTTGACACTATTTTAG,1,XXXXXXXX,48496376,chr13,48496366,48496419,,,,,,,0.4,2,0,0.001,0.907,,TGATT,TTACA,CACTC,SNP,2,0,Ancestry
ForenSeq,170,rs4530059,CAGAGCTCCAGAAGCAACTCCAGCACACGGAGAGGCGCTGATGTGCCTGTCAGGTGCTGCTACTGAGGAAGCCGTTGCTGGTCTCCGGAAGCTCTTGTATCCCCAGGAGTGCCGTCTGCCTGGCCTCC,1,XXXXXXXX,104302812,chr14,104302784,104302911,,,,,,,0.4,2,0,0.001,0.814,,CAGAG,CTCCA,GAAGC,SNP,2,0,Identity
ForenSeq,164,rs1454361,GTCCATCATCAGTAAGACACTTTTCAGTATCCATTTAGAAACAACATGCAGCTCAGGGTGTATTTCCCTCCTCCC,1,XXXXXXXX,25381626,chr14,25381580,25381654,,,,,,,0.4,2,0,0.001,0.915,,GTCCA,TCATC,AGTAA,SNP,2,0,Identity
ForenSeq,165,rs722290,CCCAAGACATCTGAGTATGTATATGCAAATATTTCAAAATCTGAAATCTGAAACAC,1,XXXXXXXX,52750005,chr14,52749993,52750048,,,,,,,0.4,2,0,0.001,0.926,,CCCAA,GTATG,TATAT,SNP,2,0,Identity
ForenSeq,166,rs12896399,ATTTTGGGGTCTCTTTGTCA,1,XXXXXXXX,92307319,chr14,92307311,92307330,,,,,,,0.4,2,0,0.001,0.985,,ATTTT,CTCTT,-,SNP,2,0,Phenotype
ForenSeq,167,rs2402130,AGCCCGTGGTAGCTGCCATCATCATCATCATCATCATCGTCATCATCATCATCATCATCGTCATCATCATCAT,3,XXXXXXXX,92334859,chr14,92334851,92334923,92334869,92334922,,,92334869,92334922,0.4,2,0,0.001,0.785,,AGCCC,AGCTG,ATCAT,SNP,2,0,Phenotype
ForenSeq,168,rs873196,TGCCCCTTGTAATGTGAACATGCCTGATTGACTCCAACTCCTGCCAGCCTTGGCATGCTCATTTGTGAACC,1,XXXXXXXX,98379194,chr14,98379189,98379259,,,,,,,0.4,2,0,0.001,0.878,,TTGTA,AATGT,GAACA,SNP,2,0,Identity
ForenSeq,169,rs200354,CAAGCTGCCTTGGAACTGGGCTGCCCCCATGCACCATGGCCATTTGGAACTGGGTAGTGAGAGGCTGCCCTGTCCATTGTAGAATGTTTAGCAGCATCCTCTGGGAGTAGCAAACTCCCCTC,1,XXXXXXXX,98908984,chr14,98908931,98909052,,,,,,,0.4,2,0,0.001,0.849,,CAAGC,TGCCT,CTGGG,SNP,2,0,Ancestry
ForenSeq,171,rs1800414,CACTGTCAGGCATTTGGCGAGCAGAATCCCGTCAGATATCCTATGCTGTAAGAGAGAAACCACAGCTC,1,XXXXXXXX,27951891,chr15,27951848,27951915,,,,,,,0.4,2,0,0.001,0.9,,CACTG,TCAGG,CATTT,SNP,2,0,Ancestry
ForenSeq,172,rs1800407,GGACGGCCGCGATGAGACAGAGCATGATGATCATGGCCCACACCCGTCCCCGGGAGAGCCGGTATGC,1,XXXXXXXX,27985172,chr15,27985122,27985188,,,,,,,0.4,2,0,0.001,0.896,,TGAGA,GCCGC,GATGA,SNP,2,0,Phenotype
ForenSeq,173,rs12913832,AAAGAATTTGTTCTTCATGGCTCTCTGTGTCTGATCCAAGAGGCGAGGCCAGTTTCATTTGAGCATTAAATGT,1,XXXXXXXX,28120472,chr15,28120403,28120475,,,,,,,0.4,2,0,0.001,0.904,,AAAGA,ATTTG,TTCTT,SNP,2,0,Ancestry_Phenotype
ForenSeq,174,rs12439433,AATACATAGAAAAGAAACTTAAAGTTTGTATATTATAGAAGATCATTAGG,1,XXXXXXXX,35927834,chr15,35927805,35927854,,,,,,,0.4,2,0,0.001,0.943,,AATAC,ATAGA,AAAGA,SNP,2,0,Ancestry
ForenSeq,175,rs1821380,CTGTCTTTTCCTGACATTCTCCTTCTTCTATCTGTATCCCTTACTGCATTTTTGCACTGCAGTTCAGTGGCTCCAT,1,XXXXXXXX,39021201,chr15,39021164,39021239,,,,,,,0.4,2,0,0.001,0.883,,CTGTC,TTTTC,CTGAC,SNP,2,0,Identity
ForenSeq,176,rs735480,AAGGAGAACGTAACTGTGTTTCTGCATCTTAGGCGCATGACTTTTAAGCAGGCTCTGAGCAG,1,XXXXXXXX,44860173,chr15,44860147,44860208,,,,,,,0.4,2,0,0.001,0.932,,AAGGA,GAACG,TAACT,SNP,2,0,Ancestry
ForenSeq,177,rs1426654,CAGGCACAACTTTCATGGCAGCGGGCAGTTCAGCTCCTGAATTA,1,XXXXXXXX,48134287,chr15,48134282,48134325,,,,,,,0.4,2,0,0.001,0.924,,CAGGC,TTTCA,TGGCA,SNP,2,0,Ancestry
ForenSeq,178,rs8037429,GAGTTACGTAG,1,XXXXXXXX,53324712,chr15,53324706,53324716,,,,,,,0.4,2,0,0.001,0.975,,GAGTT,GTAG,-,SNP,2,0,Identity
ForenSeq,179,rs1528460,CTTAACATATTTAAGACTGAAAAATGTTACAGTAAAAGTTTTGTTTAATCCTGCATTTGCCAAAC,1,XXXXXXXX,54918507,chr15,54918491,54918555,,,,,,,0.4,2,0,0.001,0.918,,CTTAA,GAAAA,ATGTT,SNP,2,0,Identity
ForenSeq,180,rs729172,CGGTTACATACATTCGGTCTGCAGAGGAGCCTTGGTCATAT,1,XXXXXXXX,5556196,chr16,5556181,5556221,,,,,,,0.4,2,0,0.001,0.931,,CGGTT,ACATA,GTCTG,SNP,2,0,Identity
ForenSeq,181,rs2342747,GGAGGAAGAAAACAGAGAGTCTTGACCGTAGAGGGGACAACAAAGAATGAGCTT,1,XXXXXXXX,5818699,chr16,5818670,5818723,,,,,,,0.4,2,0,0.001,0.879,,GGAGG,AAGAA,AGAGT,SNP,2,0,Identity
ForenSeq,182,rs430046,AAGGTCATACAATGAATGGTGTGATGTAAACGCTTGGGAGGCGATTTCTGAGGGTAGGTGCTGGGTTT,1,XXXXXXXX,77983154,chr16,77983107,77983174,,,,,,,0.4,2,0,0.001,0.9,,AAGGT,CATAC,AATGA,SNP,2,0,Identity
ForenSeq,183,rs1382387,GCATCTGCCCACTGCAGGGACTTGAAAGTTCAGGTGTTTCTCCTTC,1,XXXXXXXX,80072464,chr16,80072444,80072489,,,,,,,0.4,2,0,0.001,0.929,,GCATC,TGCCC,ACTGC,SNP,2,0,Identity
ForenSeq,184,rs459920,TGTGGGTGGAATGAGGAAGAGGGAGGTGTGTCTCTCC,1,XXXXXXXX,89664419,chr16,89664413,89664449,,,,,,,0.4,2,0,0.001,0.946,,GGAAT,GAGGA,AGAGG,SNP,2,0,Ancestry
ForenSeq,185,N29insA,CAACTCCACCCCCACAGCCATCCCCCAGCTGGGGCTGGCTGCCAACCAGACAGGAGCCCGGTGCCTGGAGGT,1,XXXXXXXX,-,chr16,89919300,89919371,,,,,,,0.4,2,0,0.001,0.872,,AACTC,CCACC,CCCAC,SNP,2,0,Phenotype
ForenSeq,186,mh16-MC1RB,CTCTTCCTCAGCCTGGGGCTGGTGAGCTTGGTGGAGAACGCGCTGGTGGTGGCCACCATCGCCAAGAACCGGAACCTGCACTCACCCATGTACTGCTTCATCTGCTGCCTGGCCTTGTCGGACCTGCTGGTGAGCGGGAGCAACGTGCTGGAGACGGCCGTCATCCTCC,1,XXXXXXXX,-,chr16,89919388,89919556,,,,,,,0.4,2,0,0.001,0.741,,TCCTCA,GGGGC,TGGTG,Microhaplotype,2,0,Phenotype
ForenSeq,187,mh16-MC1RC,TTCCTGGGCGCCATCGCCGTGGACCGCTACATCTCCATCTTCTACGCACTGCGCTACCACAGCATCGTGACCCTGCCGCGGGCGCGGCGAGCCGTTGCGGCCATCTGGGTGGCCAG,1,XXXXXXXX,-,chr16,89919658,89919773,,,,,,,0.4,2,0,0.001,0.806,,CCTGG,GCGCC,ATCGC,Microhaplotype,2,0,Phenotype
ForenSeq,188,rs1805009,CAACCTCTTTCTCGCCCTCATCATCTGCAATGCCATCATCGACCCCCTCATCTACGCCTTCCACAGCCAGGAGCTCCGCAGGACGCTCAAGGAGGTGCTGACATGCTCCTGGTGAGCGCGGTGCACGCGGCTTTAAGTGTGCTGGGCAGAGGGAGGTGGTGA,1,XXXXXXXX,89920138,chr16,89920098,89920259,,,,,,,0.4,2,0,0.001,0.725,,CCTCT,GCCCT,AATGC,SNP,2,0,Phenotype
ForenSeq,189,rs9905977,TGGTGTCCAAGGAGGGCTGGGTGACTCGTGGCTCAGTCAGCATCAAGATTCCTTTCGTCTTTCCCCTCTGCCCTCCCTGGCTTGTCAGCTTTGTCCCTCAGGCTTGGCCCCTCGTGGCC,1,XXXXXXXX,3016099,chr17,3016058,3016176,,,,,,,0.4,2,0,0.001,0.812,,TGGTG,GGAGG,GCTGG,SNP,2,0,Identity
ForenSeq,191,rs4411548,GCAAAAAATGGCACACCAGGAGGTGGAGCTGAGGATGAGGAGCGCAGGGCAGCTGCGCAGGCCTCCTGCACGCTACTCATGCTGCTGCCCGAAGGCCAGGTTGCAGGAGAGCTGC,1,XXXXXXXX,42506515,chr17,42506445,42506559,,,,,,,0.4,2,0,0.001,0.861,,GCAAA,AAATG,GCACA,SNP,2,0,Ancestry
ForenSeq,192,rs2593595,AAATCTGCCTATTACAGAACCTGGATGGAGTCCAGAGAGGCACGGGCATCCATGGGC,1,XXXXXXXX,42904228,chr17,42904218,42904274,,,,,,,0.4,2,0,0.001,0.918,,AAATC,TGCCT,AGAAC,SNP,2,0,Ancestry
ForenSeq,193,rs17642714,TGAGGAGTCCCAGATCCAGTCCCAAATCCACCTGCCCCCAACACACAGAGCAGCCAACTCTTTAGTGTCTTACTCC,1,XXXXXXXX,50648771,chr17,50648720,50648795,,,,,,,0.4,2,0,0.001,0.856,,TGAGG,AGTCC,CAGAT,SNP,2,0,Ancestry
ForenSeq,194,rs4471745,TTGTTGGAAATGGCAAT,1,XXXXXXXX,55491523,chr17,55491511,55491527,,,,,,,0.4,2,0,0.001,0.962,,TTGTT,GGAAA,-,SNP,2,0,Ancestry
ForenSeq,190,rs740910,AAGTATAACAGTTTGCTAAGTAAGGTGAGTGGTATAATCATATATTTGTAAAAAGCAAAACAAA,1,XXXXXXXX,5803303,chr17,5803260,5803323,,,,,,,0.4,2,0,0.001,0.933,,TAACA,GTTTG,CTAAG,SNP,2,0,Identity
ForenSeq,195,rs11652805,CTCTTTCTCTCTCCCAGCCGTGTGAGGACACAACATGAAGTTGGTCATCTCAGGACCAGGAAGAGAGCCCTCCCCAGAA,1,XXXXXXXX,64991033,chr17,64991015,64991093,,,,,,,0.4,2,0,0.001,0.881,,TCTTT,TCTCT,CTCCC,SNP,2,0,Ancestry
ForenSeq,196,rs938283,CATACATTGAAGTCCTAACCCCTAGTACGTTAGATGTGACCGTATTTGGAGAT,1,XXXXXXXX,79472416,chr17,79472374,79472426,,,,,,,0.4,2,0,0.001,0.925,,CATAC,ATTGA,AGTCC,SNP,2,0,Identity
ForenSeq,197,rs8078417,GGGGACGCCTGGCGCTGCGAGGGAGGCCCCGAGCCTCGTGCCCCCGTGAAGCTTCAGCTCCCCTCCCCGGCTGTCCTTGAGGCTCTTCTCACACTCAGATGC,1,XXXXXXXX,82504059,chr17,82503992,82504093,,,,,,,0.4,2,0,0.001,0.819,,GCCTG,GCGAG,GGAGG,SNP,2,0,Identity
ForenSeq,198,rs1493232,TTTTGGGTGCTAGGCCCCAAAATAAACA,1,XXXXXXXX,1127985,chr18,1127969,1127996,,,,,,,0.4,2,0,0.001,0.947,,TTTTG,GGTGC,TAGGC,SNP,2,0,Identity
ForenSeq,200,rs2042762,TAAGAGAATCTGTGAATGCCAGGGTCTGCAGTATATA,1,XXXXXXXX,37697659,chr18,37697626,37697662,,,,,,,0.4,2,0,0.001,0.941,,TAAGA,GAATC,TGTGA,SNP,2,0,Ancestry
ForenSeq,201,rs7226659,AACAACAAAGAGAAAATAGACTAAAAGAAAAAATAAATAGAGATCAAGGGATCTGTGGGACAATAACAAAGATCTGACATTAGAATCATCATAATTT,1,XXXXXXXX,42908314,chr18,42908244,42908340,,,,,,,0.4,2,0,0.001,0.905,,AACAA,CAAAG,AGAAA,SNP,2,0,Ancestry
ForenSeq,202,rs1736442,CGCTTGTCTGAATGGAGACCCCCCCACTCAACACACAGAAACATCAAGCTGAGCTCTGCTGACAGGGCAGGCAAAAGCAGCCTTCTCTTAACTGTCCCACTTA,1,XXXXXXXX,57558545,chr18,57558486,57558588,,,,,,,0.4,2,0,0.001,0.806,,GCTTG,GTCTG,AATGG,SNP,2,0,Identity
ForenSeq,203,rs3916235,CTTTTCACCACACTTATCTGCCCCATGTATTACTTTTTCATGTATTTTCTAATCACTTGATTAAAAT,1,XXXXXXXX,69911695,chr18,69911681,69911747,,,,,,,0.4,2,0,0.001,0.906,,CTTTT,CACCA,TGCCC,SNP,2,0,Ancestry
ForenSeq,204,rs4891825,CAATCCCCCTTAATGTTTTCATCGGCTTCATTCAGACACCCATCCTTTACCAACCC,1,XXXXXXXX,70200427,chr18,70200404,70200459,,,,,,,0.4,2,0,0.001,0.93,,CAATC,CCCCT,TAATG,SNP,2,0,Ancestry
ForenSeq,205,rs1024116,TGGGAAGTGAGCAAAAGTAAATACAAAGGCATACTTTATTAAGTGCATG,1,XXXXXXXX,77720430,chr18,77720385,77720433,,,,,,,0.4,2,0,0.001,0.927,,TGGGA,AGTGA,AGTAA,SNP,2,0,Identity
ForenSeq,199,rs9951171,GGGAGAAAAGTCCTCGTTGTTCCTCTGGGATGCAACATGAGAGAGCAGCACACTGAGGCTTTATGGGTTGCCCTG,1,XXXXXXXX,9749882,chr18,9749816,9749890,,,,,,,0.4,2,0,0.001,0.883,,GGGAG,TCCTC,GTTGT,SNP,2,0,Identity
ForenSeq,207,rs719366,GAGTAAAGGACAGGCCCCCAGAGGAGTAGCTGCTAGAATGGGAGGAGGAAAAGCAGGAAAGGATAATAAAAGAGTTAAAAGATGCTGTGGTCACAGTGCTGAATGCTGCCGAGAAGTGAC,1,XXXXXXXX,27972429,chr19,27972398,27972517,,,,,,,0.4,2,0,0.001,0.827,,GAGTA,AAGGA,CAGGC,SNP,2,0,Identity
ForenSeq,208,rs576261,GTCACCAACCCTGGCCTCACAACTCTCTC,1,XXXXXXXX,39069167,chr19,39069160,39069188,,,,,,,0.4,2,0,0.001,0.94,,TCACC,CTGGC,CTCAC,SNP,2,0,Identity
ForenSeq,206,rs7251928,CAATGGGTCCCTTCTGCCCCGTTTTTACCAAGCCCAGTTCCCTCTCTGCAACTGAGAGGCAGCCTCTTGCCCCACCCC,1,XXXXXXXX,4077098,chr19,4077069,4077146,,,,,,,0.4,2,0,0.001,0.836,,CAATG,GGTCC,CTTCT,SNP,2,0,Ancestry
ForenSeq,71,rs1109037,CCAGTTTCTCCGGAGTGGAAAGACTTTCATCTCGCACTGGCACGACCTTGAGACCCCGGGTTCTGATGAACTGGGGGG,1,XXXXXXXX,9945593,chr2,9945582,9945659,,,,,,,0.4,2,0,0.001,0.846,,AGTTT,GAGTG,GAAAG,SNP,2,0,Identity
ForenSeq,74,rs3827760,CGAAGCTCTCGGCGAGGTGGCGCCACGTTTTCACAACAGCCTTCTCAGAGTTGTACGTGGAGCTGAGC,1,XXXXXXXX,108897145,chr2,108897110,108897177,,,,,,,0.4,2,0,0.001,0.891,,CTCGG,CGAGG,TGGCG,SNP,2,0,Ancestry
ForenSeq,75,rs260690,GGGCTACGTAAGCAAAAATGATCACGCACTACACACTGTTAAACTGTTCATAGCAACTATGAGAAAAG,1,XXXXXXXX,108963282,chr2,108963249,108963316,,,,,,,0.4,2,0,0.001,0.92,,GGGCT,AGCAA,AAATG,SNP,2,0,Ancestry
ForenSeq,69,rs876724,AGTACATTTTTTGTCACACTCTGCTAACTGCCTGCTCATAGATATTCAAATTTAGTAGATGTAGACA,1,XXXXXXXX,114974,chr2,114970,115036,,,,,,,0.4,2,0,0.001,0.911,,ATTTT,ACACT,CTGCT,SNP,2,0,Identity
ForenSeq,76,rs993934,TTTGCTTTGTAAGGCAATAGAGCAAAGTATTGTGATAACAGTCTCCAGAGTATATTAGCTTAGTTCATAA,1,XXXXXXXX,123351637,chr2,123351571,123351640,,,,,,,0.4,2,0,0.001,0.925,,TTTGC,TTTGT,AATAG,SNP,2,0,Identity
ForenSeq,77,rs6754311,ATTTTCCAAACCAGATTCTGGCAGAATAGTTAGCTCGTTCACTAACTGAGCTGC,1,XXXXXXXX,135950412,chr2,135950374,135950427,,,,,,,0.4,2,0,0.001,0.941,,ATTTT,CCAAA,CCAGA,SNP,2,0,Ancestry
ForenSeq,78,rs10497191,ACTGAAAACCACCCACATCCTTCCCATTTATAGGCAATCTCTCTTACATCATCATAAGCA,1,XXXXXXXX,157810705,chr2,157810662,157810721,,,,,,,0.4,2,0,0.001,0.901,,ACTGA,AAACC,ACCCA,SNP,2,0,Ancestry
ForenSeq,72,rs1876482,CTGTACCCTCACTATTGGTGGTTGTCTCTGCAATTGATGTGCTCCTGGGTTCCCACCACAAAAGCTCTATCAACAG,1,XXXXXXXX,17181301,chr2,17181281,17181356,,,,,,,0.4,2,0,0.001,0.898,,CCCTC,ACTAT,TGGTG,SNP,2,0,Ancestry
ForenSeq,73,rs1834619,GAAAGAGTGAGTATAAAGAGTGGATCTGC,1,XXXXXXXX,17720218,chr2,17720210,17720238,,,,,,,0.4,2,0,0.001,0.948,,GAAAG,GTATA,AAGAG,SNP,2,0,Ancestry
ForenSeq,79,rs12997453,TTTTATGCTTTAAAGATACAGGTTATCTGTATTACATTGAGTTTTTACCTACCTT,1,XXXXXXXX,181548532,chr2,181548493,181548547,,,,,,,0.4,2,0,0.001,0.92,,ATGCT,TTAAA,AGGTT,SNP,2,0,Identity
ForenSeq,80,rs907100,TGATGCCCTGGCATGAAAGAAGGCTCCAACTGGGCTTCTTTTCTGTGTTTTCCAAGGCTTGGAAAG,1,XXXXXXXX,238654938,chr2,238654924,238654989,,,,,,,0.4,2,0,0.001,0.905,,TGATG,CCCTG,AAGAA,SNP,2,0,Identity
ForenSeq,70,rs798443,TCCAGTTAATAATTTCCACTAACAACGCAGAACTCAA,1,XXXXXXXX,7828144,chr2,7828115,7828151,,,,,,,0.4,2,0,0.001,0.938,,TCCAG,TTAAT,AATTT,SNP,2,0,Ancestry
ForenSeq,210,rs445251,ACCTGGCCTACAATTCAAATTAATGTAAAAACTGCAAGTGGTTGGTGATCAAAACTCCAATGCACATG,1,XXXXXXXX,15144287,chr20,15144244,15144311,,,,,,,0.4,2,0,0.001,0.91,,GGCCT,TCAAA,TTAAT,SNP,2,0,Identity
ForenSeq,211,rs2378249,CTAACTAAGGGCACAAGTCTAGGAACTACTTTGCACAGTAGTGGGCTGAGGAGAGGTGTGGGCTGAAAA,1,XXXXXXXX,34630286,chr20,34630246,34630314,,,,,,,0.4,2,0,0.001,0.898,,CTAAC,TAAGG,GCACA,SNP,2,0,Phenotype
ForenSeq,212,rs1005533,GCAAAAAGCAAGAGCCGTGGAATTGAGTCGCCGCTGTTCAGGGGAGGCATAAGGAGCTGGAGGACTGGGTGGGCTCGGCAGCTTCCCTGGTCTTGCCCCTGCACTCCTCACCCAGC,1,XXXXXXXX,40858470,chr20,40858446,40858561,,,,,,,0.4,2,0,0.001,0.793,,CAAAA,AAGCA,AGAGC,SNP,2,0,Identity
ForenSeq,209,rs1031825,GTCCTTAACCTATTAAATTTTAATGAGTATTTTATTTATCTAAACCCCGAGCATACTTGAAAGCAGTGATTATATCT,1,XXXXXXXX,4466836,chr20,4466793,4466869,,,,,,,0.4,2,0,0.001,0.867,,GTCCT,TAACC,TATTA,SNP,2,0,Identity
ForenSeq,213,rs1523537,TCTTAATACATTCATTTCTGCATGGGTGGGGTTTCAGTCTGCAACAAGATCTTGTAGGGATGCTATCGCT,1,XXXXXXXX,52679623,chr20,52679563,52679632,,,,,,,0.4,2,0,0.001,0.902,,TCTTA,ATACA,TTCAT,SNP,2,0,Identity
ForenSeq,214,rs310644,AGGATATATATCATAGGATAACGTATCAGATTTCTA,1,XXXXXXXX,63528151,chr20,63528145,63528180,,,,,,,0.4,2,0,0.001,0.941,,AGGAT,GGATA,CAGAT,SNP,2,0,Ancestry
ForenSeq,215,rs722098,GAAATATCCTTGATAAGGATTTAAATTTTGGATGTGCTGAATATTTCTT,1,XXXXXXXX,15313279,chr21,15313267,15313315,,,,,,,0.4,2,0,0.001,0.937,,GAAAT,ATCCT,TTTTG,SNP,2,0,Identity
ForenSeq,216,rs2830795,ACTGGGTTCACTTCTATAGACATAGGACACACCATTTTATTGTCTAAAGAGCAAAGAAGTCCTATTAT,1,XXXXXXXX,27235844,chr21,27235795,27235862,,,,,,,0.4,2,0,0.001,0.916,,ACTGG,GTTCA,ATAGA,SNP,2,0,Identity
ForenSeq,217,rs2831700,ATTTGGCTAAACTATTGCCGGAGATAAGTTAGAA,1,XXXXXXXX,28307368,chr21,28307343,28307376,,,,,,,0.4,2,0,0.001,0.932,,ATTTG,GCTAA,GAGAT,SNP,2,0,Identity
ForenSeq,218,rs914165,CAAGCAGCAGAGCCTGGATGCTGATGGGCACCAAAGAGGGCGAC,1,XXXXXXXX,41044003,chr21,41043962,41044005,,,,,,,0.4,2,0,0.001,0.908,,CAAGC,AGCAG,GGATG,SNP,2,0,Identity
ForenSeq,219,rs221956,TTCCCTCCAGCTCTCCTCTCCCCTTTCTGAGCCCTCAGCAAATTGACTTTAG,1,XXXXXXXX,42186887,chr21,42186845,42186896,,,,,,,0.4,2,0,0.001,0.911,,TTCCC,TCCAG,CTCTC,SNP,2,0,Identity
ForenSeq,220,rs733164,CCAGGCTCAGCTTTCAGCCCCAGGTCCCACCAACAGGCCATCCCACTTGGAAAGTTTGCCTGACATTCCTGAGCCGGGCC,1,XXXXXXXX,27420823,chr22,27420770,27420849,,,,,,,0.4,2,0,0.001,0.876,,GGCTC,AGCTT,TCAGC,SNP,2,0,Identity
ForenSeq,221,rs987640,ACAGGTACATTCACTTAACAGGCTCTCTTTCCACCCTTGTAGAAATACAAAAATAAGACTTAATACAGACGATGG,1,XXXXXXXX,33163522,chr22,33163486,33163560,,,,,,,0.4,2,0,0.001,0.9,,GGTAC,ATTCA,CTTAA,SNP,2,0,Identity
ForenSeq,222,rs2024566,CCCTAAAAGGCAGGACACTTTTAAAGAAAATAAAGGTGAATTCCAGGC,1,XXXXXXXX,41301334,chr22,41301328,41301375,,,,,,,0.4,2,0,0.001,0.927,,CCTAA,CAGGA,CACTT,SNP,2,0,Ancestry
ForenSeq,223,rs2040411,AAGTGCGTATTTCATGA,1,XXXXXXXX,47440662,chr22,47440656,47440672,,,,,,,0.4,2,0,0.001,0.921,,AAGTG,TTCAT,-,SNP,2,0,Identity
ForenSeq,224,rs1028528,CTTACTCGACATCACTGTGTGCAGATCCGCGGAGGT,1,XXXXXXXX,47966541,chr22,47966528,47966563,,,,,,,0.4,2,0,0.001,0.841,,CTTAC,TCGAC,TGTGT,SNP,2,0,Identity
ForenSeq,83,rs2399332,ACTGGGTTTTGATTTACATTTCTCTCATGATTAGTGACGTTGAACATTTTTTCAAGTTTGTTGGCTTCTTTTGAGAAGTATCTGTTCATGTATTTTGCTGATTTTTTAAT,1,XXXXXXXX,110582279,chr3,110582177,110582286,,,,,,,0.4,2,0,0.001,0.87,,TGGGT,TTTGA,TTTAC,SNP,2,0,Identity
ForenSeq,84,rs1919550,GGAGGAGAGACCAAGGGGACTGACCGGACGCCATAGCCGGGATGGAATATTTCACTAGGAGAGCCAATGATTT,1,XXXXXXXX,121645326,chr3,121645285,121645357,,,,,,,0.4,2,0,0.001,0.916,,GAGGA,AGAGA,CCAAG,SNP,2,0,Ancestry
ForenSeq,85,rs12498138,AGATAAATATTGAAGATAAGTAATGTGAATAACAGGATTCCCTGAAGAAGAAAAGCAAAGCAAAGAAAC,1,XXXXXXXX,121740742,chr3,121740723,121740791,,,,,,,0.4,2,0,0.001,0.921,,AGATA,AATAT,TGAAG,SNP,2,0,Ancestry
ForenSeq,86,rs1355366,ATCCAGCTGGCACATGTGCTTAGGCCACAACTGGCTTTGGCAAGTCCTCATCCTCGAGGCCTCCAGTGGCTCTGAA,1,XXXXXXXX,191088319,chr3,191088272,191088347,,,,,,,0.4,2,0,0.001,0.873,,TCCAG,GCTGG,CACAT,SNP,2,0,Identity
ForenSeq,87,rs6444724,TTGGAATGGGAGGAAAGGGAAAGGACTAAATTGTTGAACACTGGTTACTGTGCTAGGTATTTACAAACTTG,1,XXXXXXXX,193489591,chr3,193489543,193489613,,,,,,,0.4,2,0,0.001,0.913,,TTGGA,ATGGG,AGGAA,SNP,2,0,Identity
ForenSeq,82,rs4364205,TTCCAGTCCTAGATATCCACCCATGAGAAATATATCCACAAAAATATTGAGCAA,1,XXXXXXXX,32376152,chr3,32376108,32376161,,,,,,,0.4,2,0,0.001,0.912,,TTCCA,AGATA,TCCAC,SNP,2,0,Identity
ForenSeq,81,rs1357617,GAATTGAAAAGCCCAATTAGAGATTAGAATAGGGATAGCTGATAAGAAACATGACCAAGCACCCCAAAT,1,XXXXXXXX,920099,chr3,920039,920107,,,,,,,0.4,2,0,0.001,0.905,,GAATT,GAAAA,GCCCA,SNP,2,0,Identity
ForenSeq,91,rs1229984,GTCATCTGTGTGACAGATTCCTACAGCCACCATCTACAGAATAAAGAGAAGCTGTTCAGATTCAGAAAAGA,1,XXXXXXXX,99318162,chr4,99318152,99318222,,,,,,,0.4,2,0,0.001,0.915,,GTCAT,CTGTG,GATTC,SNP,2,0,Ancestry
ForenSeq,92,rs3811801,TGGCCTTTATATTTAGTGTAGAGATCAGTCTCCTAAGTTCTACTGGAAATTTCTGGTCAGAGAT,1,XXXXXXXX,99323162,chr4,99323126,99323189,,,,,,,0.4,2,0,0.001,0.907,,CCTTT,ATATT,TAGTG,SNP,2,0,Ancestry
ForenSeq,93,rs7657799,TATAATGTTTCAAGCATTTGAAAGAGAATCAAGTTGGCTAATTAATATTAAATTGTATTGATATTGATTCCTTGCA,1,XXXXXXXX,104454266,chr4,104454259,104454334,,,,,,,0.4,2,0,0.001,0.921,,TAATG,GCATT,TGAAA,SNP,2,0,Ancestry
ForenSeq,88,rs2046361,GATTTGTCTATTTTTGGTCATTGTTGACACTTCACCTTCTATTAATTTTAATTTTGAAAATGATCGTTCA,1,XXXXXXXX,10967435,chr4,10967394,10967463,,,,,,,0.4,2,0,0.001,0.898,,GATTT,GTCTA,TTTTT,SNP,2,0,Identity
ForenSeq,94,rs6811238,CACTGAGAGGAGAAGACTGTGTGTTTTAAAGCCAGGTTTGTTTAAAGTGTTATGATAGTATTAA,1,XXXXXXXX,168742464,chr4,168742417,168742480,,,,,,,0.4,2,0,0.001,0.915,,CACTG,AGAGG,ACTGT,SNP,2,0,Identity
ForenSeq,95,rs1979255,TAGCTTGTGTTGGTCAGGGCATGGAACGTTGGAACTCTTGCTCATC,1,XXXXXXXX,189396926,chr4,189396884,189396929,,,,,,,0.4,2,0,0.001,0.938,,TAGCT,TGTGT,TGGTC,SNP,2,0,Identity
ForenSeq,89,rs4833103,GTACCTGAGTAAATATTAGGTCATGACCAGCCACCCTCAGCTCTGTCTG,1,XXXXXXXX,38813881,chr4,38813867,38813915,,,,,,,0.4,2,0,0.001,0.916,,GTACC,TGAGT,TTAGG,SNP,2,0,Ancestry
ForenSeq,90,rs279844,AAGGATAACAGATTAAGTTCAGTGTCAATTTTGACCAGATATTAAAACTCACAACTCTCTAAACTTCCTTGATATTAACTACTGAACTAATTAATATCCCAGTAGCTTCTGGAGTTT,1,XXXXXXXX,46327638,chr4,46327592,46327708,,,,,,,0.4,2,0,0.001,0.896,,AAGGA,TAACA,GATTA,SNP,2,0,Identity
ForenSeq,101,rs13182883,TGAGGGGAGGGGTCCCTTCTGGCCTAGTAGAGGGCCTGGCCTGCAGTGAGCATTCAAATCCTCGAGGAACAGGGTGGGGAGGTGGGACAAAGGCAGGAAGAAAGTAACGGAGAGCCTGGGGAGACA,1,XXXXXXXX,137297649,chr5,137297586,137297711,,,,,,,0.4,2,0,0.001,0.845,,TGAGG,GGAGG,GGTCC,SNP,2,0,Identity
ForenSeq,102,rs7722456,CACCAAATGGTTCCAGGGAGGGTGCAACTGGCTACTCAAGGCCCTGGGTCTGAAATTACAGATCAAAAAATAC,1,XXXXXXXX,170775980,chr5,170775917,170775989,,,,,,,0.4,2,0,0.001,0.884,,ACCAA,AATGG,TTCCA,SNP,2,0,Ancestry
ForenSeq,98,rs159606,GTTTCTCATCCTGTTATTATTTGTTTACATCTGTCTCCTATATTTTATTCTCTC,1,XXXXXXXX,17374789,chr5,17374761,17374814,,,,,,,0.4,2,0,0.001,0.925,,GTTTC,TCATC,CTGTT,SNP,2,0,Identity
ForenSeq,103,rs251934,GTCTGGGGCAGATGAAGTAGTAGATATCTGGCTGTCCCATCTACTTAAAAGCCTC,1,XXXXXXXX,175351675,chr5,175351637,175351691,,,,,,,0.4,2,0,0.001,0.931,,GTCTG,GGGCA,GATGA,SNP,2,0,Identity
ForenSeq,104,rs338882,CGTGGCGCAGCCCACACCTCACGGCAAGCCCCAGCCAAAGGGACCAAGTCAAGAGCTCTGAGAGACATCCCAGCCGAAGAATCCAGCCCTTGTCCCAAACGTGTGTGTGCACAGGC,1,XXXXXXXX,179263724,chr5,179263618,179263733,,,,,,,0.4,2,0,0.001,0.819,,TGGCG,CAGCC,CACAC,SNP,2,0,Identity
ForenSeq,96,rs717302,AATAAGCTTTAGAAAGGCATATCGTATTAACTGTGTGGTGAACGTCTGTCATTAGGTTTAGCTC,1,XXXXXXXX,2879281,chr5,2879245,2879308,,,,,,,0.4,2,0,0.001,0.916,,AATAA,GCTTT,AGAAA,SNP,2,0,Identity
ForenSeq,99,rs16891982,GAGAAAGACTTACAAGAATAAAGTGAGGAAAACACGGAGTTGATGCACAAGCCCCAACATC,1,XXXXXXXX,33951588,chr5,33951541,33951601,,,,,,,0.4,2,0,0.001,0.921,,GAGAA,AGACT,TACAA,SNP,2,0,Ancestry_Phenotype
ForenSeq,100,rs28777,CATGTGATCCTCACAGCAGCCTCTGAGTGGATGGGACGACCCCTGTCC,1,XXXXXXXX,33958854,chr5,33958835,33958882,,,,,,,0.4,2,0,0.001,0.923,,CATGT,GATCC,TCACA,SNP,2,0,Phenotype
ForenSeq,97,rs870347,AGGTAGCTAAAATACTGTAAGTGAGGGACTTAGCAAGGGAGTCAGGCTGAAAAAGGTTTTCCTTTCCCCC,1,XXXXXXXX,6844922,chr5,6844904,6844973,,,,,,,0.4,2,0,0.001,0.911,,AGGTA,AGTGA,GGGAC,SNP,2,0,Ancestry
ForenSeq,107,rs13218440,CCTCTGGGCAGCCTCCTGGAATACTCAGCTGGGATGGGTTGGGGCTGCTTGAGGTACAGCTCCCACTGCCTCTGAGTGGCCCTCCATGAAAATGCCTCATGTCTCTGTGTCCCTAAACTGTAGG,1,XXXXXXXX,12059721,chr6,12059715,12059838,,,,,,,0.4,2,0,0.001,0.835,,CTCTG,GCCTC,CTGGA,SNP,2,0,Identity
ForenSeq,110,rs3823159,CTGCAAATGAGTAGTGGGAGGGAACCCATTGCAGTAATAATTTTAAAATTTCTTTGGATTTTACCTAAGTC,1,XXXXXXXX,136161589,chr6,136161585,136161655,,,,,,,0.4,2,0,0.001,0.908,,AATGA,GTAGT,GGGAG,SNP,2,0,Ancestry
ForenSeq,111,rs214955,TTCTTTATTCTGGCAGCCCTTGGATGCTTGCAAACAAAGACTGAAAAGGTGACGCAAAAATTTAATGGCAGG,1,XXXXXXXX,152376571,chr6,152376519,152376590,,,,,,,0.4,2,0,0.001,0.891,,TTCTT,TATTC,TGGCA,SNP,2,0,Identity
ForenSeq,112,rs727811,AGCAAAAATACAAAGTGAATGAAATCATGAGATTGCTGGGAGATGCAGATGATTGTAAGTCGTTG,1,XXXXXXXX,164624301,chr6,164624247,164624311,,,,,,,0.4,2,0,0.001,0.889,,CAAAA,AAGTG,AATGA,SNP,2,0,Identity
ForenSeq,105,rs12203592,ATCCACTTTGGTGGGTAAAAGAAGGCAAATTCCCCTGTGGTACTTTTGGTGCCAGGTTTAGCC,1,XXXXXXXX,396321,chr6,396296,396358,,,,,,,0.4,2,0,0.001,0.904,,ATCCA,CTTTG,TAAAA,SNP,2,0,Phenotype
ForenSeq,106,rs4959270,CCACCTCCAATACTGGGGTTTACGATTCAACATGAGATCTGGGTGAGGAACACATCCAAACTATGACACTATGCCACTTCCACAGGGGGTAAGAACACTGACATGGTGGTTCTTTTC,1,XXXXXXXX,457748,chr6,457675,457791,,,,,,,0.4,2,0,0.001,0.87,,CACCT,TCCAA,TACTG,SNP,2,0,Phenotype
ForenSeq,108,rs192655,ACGAAATTTCCCTAAGAAGACAC,1,XXXXXXXX,89808559,chr6,89808541,89808563,,,,,,,0.4,2,0,0.001,0.97,,ACGAA,ATTTC,CCTAA,SNP,2,0,Ancestry
ForenSeq,109,rs1336071,CTGTTTTGTCCATCTGAAATTCTAATTTTTCTTATCTTTGTTTTAATCTGATGCTTTTT,1,XXXXXXXX,93827537,chr6,93827491,93827549,,,,,,,0.4,2,0,0.001,0.916,,CTGTT,TTGTC,CATCT,SNP,2,0,Identity
ForenSeq,116,rs321198,ATACAATTCTCAAATGAAATAACTAAATAAGGAAGCTGTGTTCCTTTCTCCTACACACAGGCTTCAGGTTACCTGTTTTCCTTTTGTGATTCCACTTCTGTGTGAAGCAAGCAGT,1,XXXXXXXX,137345092,chr7,137344994,137345108,,,,,,,0.4,2,0,0.001,0.87,,ATACA,ATTCT,CAAAT,SNP,2,0,Identity
ForenSeq,117,rs737681,CCGCGGGAGCTCTGCACAAGCCGCAGGGTCACATGTGAGGCCATCTCCACCTTCATCCCTGGGCCCAGGTGCAGTCTCTC,1,XXXXXXXX,156198119,chr7,156198068,156198147,,,,,,,0.4,2,0,0.001,0.84,,GGAGC,TCTGC,ACAAG,SNP,2,0,Identity
ForenSeq,115,rs917115,TTCAAGAGAATTTGTGTATGGA,1,XXXXXXXX,28132967,chr7,28132951,28132972,,,,,,,0.4,2,0,0.001,0.891,,TTCAA,GAGAA,TTTGT,SNP,2,0,Ancestry
ForenSeq,113,rs6955448,TAAGTTGGGATAGGTGATGCAAAGCCCTGCCGTTACTACTATTGTTGAAAAGTTCACGGGAGAAAGTTGTAAA,1,XXXXXXXX,4270733,chr7,4270677,4270749,,,,,,,0.4,2,0,0.001,0.913,,TAAGT,TAGGT,AGCCC,SNP,2,0,Identity
ForenSeq,114,rs917118,CCATGAAGATGGAGTCAACATTTTACAAGACGCTCGTTGACCTCAGTCATCTCTTACCACTTGTGCTC,1,XXXXXXXX,4417372,chr7,4417342,4417409,,,,,,,0.4,2,0,0.001,0.905,,CATGA,AAGAT,GGAGT,SNP,2,0,Identity
ForenSeq,121,rs6990312,CCCCAAAATACACATATTTTTAAATG,1,XXXXXXXX,109590088,chr8,109590063,109590088,,,,,,,0.4,2,0,0.001,0.942,,CCAAA,AAATA,ATTTT,SNP,2,0,Ancestry
ForenSeq,122,rs2196051,GATGGGGAATACAGAGATGAAAAAAAATATCACTAGAAAGAAAAGAGTTCCTATTCAAGAATCTTCTTT,1,XXXXXXXX,121112062,chr8,121112002,121112070,,,,,,,0.4,2,0,0.001,0.885,,GATGG,GGAAT,ACAGA,SNP,2,0,Ancestry
ForenSeq,118,rs763869,AATGTAATGCAGTTGAGTTAGAAATAATATAAACA,1,XXXXXXXX,1427444,chr8,1427433,1427467,,,,,,,0.4,2,0,0.001,0.962,,AATGT,AATGC,AGTTA,SNP,2,0,Identity
ForenSeq,123,rs2056277,AAGCATGTGTCAACCGCCAAACTGGGTGTTAGGGAGACAGGCATGAATGAGACGGGA,1,XXXXXXXX,138386873,chr8,138386821,138386877,,,,,,,0.4,2,0,0.001,0.913,,AAGCA,GCCAA,ACTGG,SNP,2,0,Identity
ForenSeq,124,rs4606077,TGGGATCTGACTCCCCACAGCCTACCCAAAGCCGGGGAACTCCTCACTGCCCTTCGGGCTTCAGCACAGGGCTGTCTCCCACGCCGGCAGGGCCTGTGCTTTCACTGG,1,XXXXXXXX,143574584,chr8,143574562,143574669,,,,,,,0.4,2,0,0.001,0.824,,TGGGA,TCTGA,CTCCC,SNP,2,0,Identity
ForenSeq,125,rs1871534,CCCCAGTGAGTGCACCCACTGCCAGGCTCAG,1,XXXXXXXX,144414297,chr8,144414288,144414318,,,,,,,0.4,2,0,0.001,0.941,,CCCAG,TGCAC,CCACT,SNP,2,0,Ancestry
ForenSeq,119,rs10092491,AAACTGAAGTTTTCCTTATAGAGATTTATCCTAGTTAGTTTGCGGGGATACTGGTTGGGCCGAAA,1,XXXXXXXX,28553555,chr8,28553546,28553610,,,,,,,0.4,2,0,0.001,0.909,,AAACT,TTTCC,TTATA,SNP,2,0,Identity
ForenSeq,120,rs1462906,TGTTTGTTTTGGCTTTGTGTTATAATTGCAGCTA,1,XXXXXXXX,32039076,chr8,32039054,32039087,,,,,,,0.4,2,0,0.001,0.941,,TGTTT,GTTTT,GGCTT,SNP,2,0,Ancestry
ForenSeq,129,rs1463729,ATGTGCATGCTTTTGGGTGGGAATGGCTGCACGTGGCTATGAGTGTATGCTGCCAAAG,1,XXXXXXXX,124119169,chr9,124119138,124119195,,,,,,,0.4,2,0,0.001,0.902,,ATGTG,TTTTG,GAATG,SNP,2,0,Identity
ForenSeq,127,rs683,TACCTTCTTTCTAATACAAGCATATGTTAGCATTAAAGTTCTAGGCATACTTTTCAAAGCTG,1,XXXXXXXX,12709305,chr9,12709275,12709336,,,,,,,0.4,2,0,0.001,0.926,,TACCT,TCTTT,CTAAT,SNP,2,0,Phenotype
ForenSeq,130,rs3814134,GGCCCACCACATCTCCTCACTCGAGCCTGTAGCAGCTCTCTCCCCGTCTCGGGTCTTCAGTTGC,1,XXXXXXXX,124505410,chr9,124505405,124505468,,,,,,,0.4,2,0,0.001,0.872,,CCACA,ATCTC,CTCAC,SNP,2,0,Ancestry
ForenSeq,131,rs1360288,GGGGAGAGGCTCCCTGCAGCCTCTGGGGAGTAGAGGAGACCTGGGAAGACACTGGCTGCATCCCCTCAACAGATGCCCC,1,XXXXXXXX,126205784,chr9,126205735,126205813,,,,,,,0.4,2,0,0.001,0.869,,AGAGG,CTCCC,TGCAG,SNP,2,0,Identity
ForenSeq,132,rs10776839,CAGCTGAGGAGCCCAAGGTTGCCGTCAGATCAGAGCCCCAGTTGCCCGGTCTGCCGCAGCTCT,1,XXXXXXXX,134525462,chr9,134525445,134525507,,,,,,,0.4,2,0,0.001,0.844,,AGCTG,GAGGA,TTGCC,SNP,2,0,Identity
ForenSeq,126,rs1015250,AAAGGTTACTAAGTGATGGAGTTAGGAAAAGAACCCAGGTGTTTTATTGCTGTCCCAGTGATTTTTCA,1,XXXXXXXX,1823774,chr9,1823726,1823793,,,,,,,0.4,2,0,0.001,0.903,,AAAGG,TTACT,AAGTG,SNP,2,0,Identity
ForenSeq,128,rs7041158,TCAATTTCCTCTCCAACCCAAGACACTTCTCACTGGAAAACTCTCACAATCACATTTATAACAAAGGAGAGG,1,XXXXXXXX,27985940,chr9,27985930,27986001,,,,,,,0.4,2,0,0.001,0.875,,TCAAT,TTCCT,ACCCA,SNP,2,0,Identity
ForenSeq,225,rs12047255,GTGTTAG,1,XXXXXXXX,239718578,chr1,239718572,239718578,,,,,,,0.4,2,0,0.001,0.984,,TGTTA,-,-,SNP,2,0,-
ForenSeq,226,rs755095,CAGG,1,XXXXXXXX,41044050,chr21,41044050,41044053,,,,,,,0.4,2,0,0.001,0.98,,AGG,-,-,SNP,2,0,-
GlobalFilerNGSv2,-,Amelogenin,,6,,,,,,,,,,,,0.4,2,0,0.001,0.6,,TCAAGT,-,-,INDEL,2,1,Identity
GlobalFilerNGSv2,1,CSF1PO,CTGTTCTAAGTACTTCCTATCTATCTATCTATCTATCTATCTATCTATCTATCTATCTATCTATCTATCT,4,XXXXXXXX,13,Chr5,150076306,150076375,150076324,150076375,,,150076324,150076375,0.4,2,0.01,0.001,0.6,,ATCTATCTATCT,-,-,STR,2,1,Identity
GlobalFilerNGSv2,2,D10S1248,ACAAATGAGTGAGTGGAAGGAAGGAAGGAAGGAAGGAAGGAAGGAAGGAAGGAAGGAAGGAAGGAAATGAAGACAATACAACCAGAGTTGTTCCTTTAAT,4,GGAAATGA,13,Chr10,129294230,129294329,129294244,129294295,,,129294244,129294295,0.4,2,0,0.001,0.6,,GGAAGGAAGGAA,-,-,STR,2,1,Identity
GlobalFilerNGSv2,3,D12S391,GGATGCATAGGTAGATAGATAGATAGATAGATAGATAGATAGATAGATAGATAGATAGACAGACAGACAGACAGACAGACAGACAGAT,4,XXXXXXXX,19,Chr12,12297008,12297095,12297020,12297095,,,12297020,12297095,0.4,2,0.01,0.001,0.6,TGAT:T GAT;TTA:T   TA;,AGACAGACAGAC,-,-,STR,2,1,Identity
GlobalFilerNGSv2,4,D13S317,TATCTATCTATCTATCTATCTATCTATCTATCTATCTATCTATCAATCAATCATCTATCTATCTTTCTGTCTG,4,XXXXXXXX,11,Chr13,82148025,82148097,82148025,82148068,,,82148025,82148068,0.4,2,0,0.001,0.6,,TATCTATC,-,-,STR,2,1,Identity
GlobalFilerNGSv2,5,D16S539,ACAGACAGACAGACAGGTGGATAGATAGATAGATAGATAGATAGATAGATAGATAGATAGATATCATT,4,GATATCAT,11,Chr16,86352683,86352750,86352702,86352745,,,86352702,86352745,0.4,2,0.01,0.001,0.6,,GATAGATA,-,-,STR,2,1,Identity
GlobalFilerNGSv2,6,D18S51,AGAAAGAAAGAAAGAAAGAAAGAAAGAAAGAAAGAAAGAAAGAAAGAAAGAAAGAAAGAAAGAAAGAAAGAAAAAGA,4,XXXXXXXX,18,Chr18,63281667,63281743,63281667,63281738,,,63281667,63281738,0.4,2,0,0.001,0.6,AAAGAG:AAAG  AG;,AGAAAGAAAGAA,-,-,STR,2,1,Identity
GlobalFilerNGSv2,7,D19S433,CTCCTTCCTTCCTTCCTTCCTTCCTTCCTTCCTTCCTTCCTTCCTTCCTTCCTACCTTCTTTCCTTCAACAGAATCTTATTCTGTTGCCCAGGCTG,4,CCTTCAAC,14,Chr19,29926233,29926328,29926235,29926298,,,29926235,29926298,0.4,2,0,0.001,0.6,CCTACCTTTTCCTT:CCTACCT  TTTCCTT;,CCTTCCTT,-,-,STR,2,1,Identity
GlobalFilerNGSv2,8,D1S1656,CCTATCTATCTATCTATCTATCTATCTATCTATCTATCTATCTATCTATCTATCTATCTATCTATCTACATCACA,4,TCTACATC,17,Chr1,230769612,230769690,230769616,230769683,,,230769616,230769683,0.4,2,0.01,0.001,0.6,TCA:TC A;,TCTATCTATCTA,-,-,STR,2,1,Identity
GlobalFilerNGSv2,9,D21S11,TCTATCTATCTATCTATCTGTCTGTCTGTCTGTCTGTCTGTCTATCTATCTATATCTATCTATCTATCATCTATCTATCCATATCTATCTATCTATCTATCTATCTATCTATCTATCTATCTATCTATCGTCTATCTA,4,TCTATCGT,29,Chr21,19181973,19182110,19181973,19182099,,,19181973,19182099,0.4,2,0.01,0.001,0.6,TATA:TA  TA;TATCA:TA TCA;TATCCATA:TATCCA  TA;,TCTGTCTGTCTG,-,-,STR,2,1,Identity
GlobalFilerNGSv2,10,D22S1045,TAGTCTCATTATTATTATTATTATTATTATTATTATTATTATTATTATTACTATTATTG,3,XXXXXXXX,17,Chr22,37140280,37140338,37140287,37140337,,,37140287,37140337,0.4,2,0.01,0.001,0.6,,ATTATTATT,-,-,STR,2,1,Identity
GlobalFilerNGSv2,11,D2S1338,AGGAGGGAAGGAAGGACGGAAGGAAGGAAGGAAGGAAGGAAGGAAGGAAGGAAGGAAGGAAGGAAGGAAGGCAGGCAGGCAGGCAGGCAGGCAGGCA,4,XXXXXXXX,23,Chr2,218014854,218014950,218014859,218014950,,,218014859,218014950,0.4,2,0,0.001,0.6,TGAT:T GAT;,GGAAGGAAGGAA,-,-,STR,2,1,Identity
GlobalFilerNGSv2,12,D2S441,GAACTGTGGCTCATCTATGAAAACTTCTATCTATCTATCTATCTATCTATCTATCTATCTATCTATCTATCTATATCATAACACCACAGCCAC,4,TCTATATC,12,Chr2,68011922,68012014,68011947,68011994,,,68011947,68011994,0.4,2,0.01,0.001,0.6,TCA:TC A;,TCTATCTATCTA,-,-,STR,2,1,Identity
GlobalFilerNGSv2,13,D3S1358,CATGTATCTATCTGTCTATCTATCTATCTATCTATCTATCTATCTATCTATCTATCTATCTATCTATCTATG,4,XXXXXXXX,16,Chr3,45540733,45540804,45540739,45540802,,,45540739,45540802,0.4,2,0.01,0.001,0.6,,ATCTATCTATCT,-,-,STR,2,1,Identity
GlobalFilerNGSv2,24,D4S2408,TAAGAACTTCTACATTTAAGGTACATAACAGTTCAATAGAAAGCTATGCATCTATCTATCTATCTATCTATCTATCTATCTATCTAATGGT,4,ATCTAATG,9,Chr4,31302749,31302839,31302798,31302833,,,31302798,31302833,0.4,2,0,0.001,0.6,,ATCTATCT,-,-,STR,2,1,Identity
GlobalFilerNGSv2,14,D5S818,TTATTTATACCTCTATCTATCTATCTATCTATCTATCTATCTATCTATCTATCTATCT,4,XXXXXXXX,11,Chr5,123775542,123775599,123775556,123775599,,,123775556,123775599,0.4,2,0.01,0.001,0.6,,ATCTATCTATCT,-,-,STR,2,1,Identity
GlobalFilerNGSv2,25,D6S1043,CTATCTATCTATCTATCTATCTATCTATCTATCTATCTATCTATCTATCTGATCTATCAATCTAT,4,ATCTGATC,12,Chr6,91740223,91740287,91740225,91740272,,,91740225,91740272,0.4,2,0.01,0.001,0.6,ATCA:ATC A;ATCTATATCT:ATCTAT  ATCT;,ATCTATCT,-,-,STR,2,1,Identity
GlobalFilerNGSv2,15,D7S820,TATCTATCTATCTATCTATCTATCTATCTATCTATCTATCTATCTATCTATCGTTAGTTCG,4,TATCGTTA,13,Chr7,84160226,84160286,84160226,84160277,,,84160226,84160277,0.4,2,0.01,0.001,0.6,,TATCTATC,-,-,STR,2,1,Identity
GlobalFilerNGSv2,16,D8S1179,TCGTATCTATCTGTCTATCTATCTATCTATCTATCTATCTATCTATCTATCTATCTA,4,XXXXXXXX,13,Chr8,124894860,124894916,124894865,124894916,,,124894865,124894916,0.4,2,0.01,0.001,0.6,,TCTATCTATCTA,-,-,STR,2,1,Identity
GlobalFilerNGSv2,23,DYS391,ATATCTGTCTGTCTGTCTATCTATCTATCTATCTATCTATCTATCTATCTATCTATCTATCTGCCTATCTGCCTGCCT,4,TCTATCTG,11,ChrY,11982074,11982151,11982089,11982132,,,11982089,11982132,0.4,2,0.01,0.001,0.6,,TCTATCTATCTA,-,-,STR,1,0,Identity
GlobalFilerNGSv2,17,FGA,GGAAGAAAGGAAGGAAGGAGAAAGAAAGAAAGAAAGAAAGAAAGAAAGAAAGAAAGAAAGAAAGAAAGAAAGAAAGAGAAAAAAGAAAGAAAGAAACTAGCTT,4,GAAACTAG,22,Chr4,154587728,154587830,154587736,154587823,,,154587736,154587823,0.4,2,0,0.001,0.6,AAAGAAAAAAGAAA:AAAG  AAAAAAGAAA;,AAAGAAAG,-,-,STR,2,1,Identity
GlobalFilerNGSv2,18,PentaD,AAAGAAAGAAAAGAAAAGAAAAGAAAAGAAAAGAAAAGAAAAGAAAAGAAAAGAAAAGAAAAGAAAAGAAAAAACGAA,5,AAGAAAAAACGA,13,Chr21,43636201,43636278,43636205,43636269,,,43636205,43636269,0.4,2,0,0.001,0.6,,AAAGA,-,-,STR,2,1,Identity
GlobalFilerNGSv2,19,PentaE,CAATTTTCTTTTCTTTTCTTTTCTTTTCTTT,5,XXXXXXXX,5,Chr15,96831009,96831039,96831015,96831039,,,96831015,96831039,0.4,2,0,0.001,0.6,TTTTTTTT:TTTT TTTT;TCTTTTTCTTT:TCTTT   T TCTTT;,TCTTTTCTTT,-,-,STR,2,1,Identity
GlobalFilerNGSv2,20,TH01,ACAGGGAACACAGACTCCATGGTGAATGAATGAATGAATGAATGAATGAATGAGGGAAATAAGGGAGGAACAGGCCAATGG,4,AATGAGGG,7,Chr11,2171064,2171144,2171088,2171115,,,2171088,2171115,0.4,2,0.01,0.001,0.6,TGAT:TG AT;,ATGAATGA,-,-,STR,2,1,Identity
GlobalFilerNGSv2,21,TPOX,GACTGGCACAGAACAGGCACTTAGGGAACCCTCACTGAATGAATGAATGAATGAATGAATGAATGAATGTTTGGGCAAATAAACGCTGACAAGGACAGAAGGGCCT,4,AATGTTTG,8,Chr2,1489616,1489721,1489653,1489684,,,1489653,1489684,0.4,2,0.01,0.001,0.6,,AATGAATG,-,-,STR,2,1,Identity
GlobalFilerNGSv2,22,vWA,TGGATGGATAGATGGATAGATAGATAGATAGATAGATAGATAGATAGATAGATAGATAGACAGACAGACAGACAGACAGATAGATCAATCCA,4,TAGATCAA,17,Chr12,5983961,5984052,5983977,5984044,,,5983977,5984044,0.4,2,0.01,0.001,0.6,,TAGATAGACAGA,-,-,STR,2,1,Identity
GlobalFilerNGSv2,26,D1S1677,GTTTCCTTCCTTCCTTCCTTCCTTCCTTCCTTCCTTCCTTCCTTCCTTCCTTCCTTCCTTCCTTCATTCCGTCCTTCCTGTCACACTAAGAAATAC,4,TTCCTTCA,15,Chr1,163590024,163590119,163590026,163590085,,,163590026,163590085,0.4,2,0.01,0.001,0.6,,TTCCTTCC,-,-,STR,2,1,Identity
GlobalFilerNGSv2,27,D2S1776,AGATAGATAGATAGATAGATAGATAGATAGATAGATAGATAGATGATAGATATTTCATAACTGTCCACCTCAGAGCCTAGAGTCAATGCCTCCTCAG,4,AGATGATA,11,Chr2,168788893,168788989,168788893,168788936,,,168788893,168788936,0.4,2,0.01,0.001,0.6,,AGATAGAT,-,-,STR,2,1,Identity
GlobalFilerNGSv2,28,D3S4529,CAGACAGATAGATAGATAGATAAATAGATAGATAGATAGATAGATAGATAGATAGATCAATTGATCGA,4,GATAGATC,13,Chr3,85803478,85803545,85803483,85803534,,,85803483,85803534,0.4,2,0.01,0.001,0.6,,TAGATAGATAGA,-,-,STR,2,1,Identity
GlobalFilerNGSv2,29,D5S2800,GGTACATAATAGGTAGGTAGGTAGACAGACAGACAGACAGACAGACAGACAGACAGATAGATAGATAGATTGATTGATTT,4,XXXXXXXX,17,Chr5,59403121,59403200,59403132,59403199,,,59403132,59403199,0.4,2,0.01,0.001,0.6,,AGACAGACAGAC,-,-,STR,2,1,Identity
GlobalFilerNGSv2,30,D6S474,AAGAGATAGACCAATTAGATAGATAGATAGATAGATGATAGATAGATAGATAGATAGATAGATAGATAGATAGATAGATAGATAAAAGATAGATATGAGTAGGGA,4,GATAAAAG,16,Chr6,112557935,112558039,112557950,112558016,,,112557950,112558016,0.4,2,0.01,0.001,0.6,TGAT:T GAT;,GATAGATA,-,-,STR,2,1,Identity
GlobalFilerNGSv2,31,D12ATA63,TTGTTGTTGTTATTATTATTATTATTATTATTATTATTACTTGAGACAGGGTCTCGCTCTGTTATCCAGGCTG,3,ATTACTTG,13,Chr12,107928590,107928662,107928590,107928628,,,107928590,107928628,0.4,2,0.01,0.001,0.6,,ATTATTATT,-,-,STR,2,1,Identity
GlobalFilerNGSv2,32,D14S1434,CTGTCTGTCTGTCTATCTATCTATCTATCTATCTATCTATCTATCTATCTATCCATCCATCCA,4,CTATCCAT,13,chr14,94842054,94842116,94842054,94842105,,,94842054,94842105,0.4,2,0.01,0.001,0.6,,CTATCTAT,-,-,STR,2,1,Identity
GlobalFilerNGSv2,33,rs2032678,ACATGCCTTCTCACTTCTC,1,XXXXXXXX,,ChrY,13396807,13396825,,,,,,,0.4,2,0,0.001,0.6,,TTCTC,-,-,INDEL,1,0,Identity
GlobalFilerNGSv2,34,SRY,TGACTTAAT, ,XXXXXXXX,,chrY,2787892,2787900,,,,,,,0.4,2,0.01,0.001,0.6,,GACT,-,-,SNP,1,0,Identity
